file_path,artist
data/images\Alfred_Sisley\Alfred_Sisley_156.jpg,Alfred_Sisley
data/images\Alfred_Sisley\Alfred_Sisley_144.jpg,Alfred_Sisley
data/images\Alfred_Sisley\Alfred_Sisley_32.jpg,Alfred_Sisley
data/images\Alfred_Sisley\Alfred_Sisley_228.jpg,Alfred_Sisley
data/images\Alfred_Sisley\Alfred_Sisley_208.jpg,Alfred_Sisley
data/images\Alfred_Sisley\Alfred_Sisley_70.jpg,Alfred_Sisley
data/images\Alfred_Sisley\Alfred_Sisley_224.jpg,Alfred_Sisley
data/images\Alfred_Sisley\Alfred_Sisley_161.jpg,Alfred_Sisley
data/images\Alfred_Sisley\Alfred_Sisley_69.jpg,Alfred_Sisley
data/images\Alfred_Sisley\Alfred_Sisley_94.jpg,Alfred_Sisley
data/images\Alfred_Sisley\Alfred_Sisley_226.jpg,Alfred_Sisley
data/images\Alfred_Sisley\Alfred_Sisley_76.jpg,Alfred_Sisley
data/images\Alfred_Sisley\Alfred_Sisley_147.jpg,Alfred_Sisley
data/images\Alfred_Sisley\Alfred_Sisley_225.jpg,Alfred_Sisley
data/images\Alfred_Sisley\Alfred_Sisley_108.jpg,Alfred_Sisley
data/images\Alfred_Sisley\Alfred_Sisley_6.jpg,Alfred_Sisley
data/images\Alfred_Sisley\Alfred_Sisley_221.jpg,Alfred_Sisley
data/images\Alfred_Sisley\Alfred_Sisley_82.jpg,Alfred_Sisley
data/images\Alfred_Sisley\Alfred_Sisley_18.jpg,Alfred_Sisley
data/images\Alfred_Sisley\Alfred_Sisley_56.jpg,Alfred_Sisley
data/images\Alfred_Sisley\Alfred_Sisley_98.jpg,Alfred_Sisley
data/images\Alfred_Sisley\Alfred_Sisley_47.jpg,Alfred_Sisley
data/images\Alfred_Sisley\Alfred_Sisley_146.jpg,Alfred_Sisley
data/images\Alfred_Sisley\Alfred_Sisley_43.jpg,Alfred_Sisley
data/images\Alfred_Sisley\Alfred_Sisley_40.jpg,Alfred_Sisley
data/images\Alfred_Sisley\Alfred_Sisley_25.jpg,Alfred_Sisley
data/images\Alfred_Sisley\Alfred_Sisley_252.jpg,Alfred_Sisley
data/images\Alfred_Sisley\Alfred_Sisley_26.jpg,Alfred_Sisley
data/images\Alfred_Sisley\Alfred_Sisley_255.jpg,Alfred_Sisley
data/images\Alfred_Sisley\Alfred_Sisley_81.jpg,Alfred_Sisley
data/images\Alfred_Sisley\Alfred_Sisley_73.jpg,Alfred_Sisley
data/images\Alfred_Sisley\Alfred_Sisley_227.jpg,Alfred_Sisley
data/images\Alfred_Sisley\Alfred_Sisley_236.jpg,Alfred_Sisley
data/images\Alfred_Sisley\Alfred_Sisley_240.jpg,Alfred_Sisley
data/images\Alfred_Sisley\Alfred_Sisley_11.jpg,Alfred_Sisley
data/images\Alfred_Sisley\Alfred_Sisley_75.jpg,Alfred_Sisley
data/images\Alfred_Sisley\Alfred_Sisley_37.jpg,Alfred_Sisley
data/images\Alfred_Sisley\Alfred_Sisley_65.jpg,Alfred_Sisley
data/images\Alfred_Sisley\Alfred_Sisley_102.jpg,Alfred_Sisley
data/images\Alfred_Sisley\Alfred_Sisley_192.jpg,Alfred_Sisley
data/images\Alfred_Sisley\Alfred_Sisley_60.jpg,Alfred_Sisley
data/images\Alfred_Sisley\Alfred_Sisley_23.jpg,Alfred_Sisley
data/images\Alfred_Sisley\Alfred_Sisley_172.jpg,Alfred_Sisley
data/images\Alfred_Sisley\Alfred_Sisley_258.jpg,Alfred_Sisley
data/images\Alfred_Sisley\Alfred_Sisley_244.jpg,Alfred_Sisley
data/images\Alfred_Sisley\Alfred_Sisley_215.jpg,Alfred_Sisley
data/images\Alfred_Sisley\Alfred_Sisley_200.jpg,Alfred_Sisley
data/images\Alfred_Sisley\Alfred_Sisley_12.jpg,Alfred_Sisley
data/images\Alfred_Sisley\Alfred_Sisley_16.jpg,Alfred_Sisley
data/images\Alfred_Sisley\Alfred_Sisley_173.jpg,Alfred_Sisley
data/images\Alfred_Sisley\Alfred_Sisley_107.jpg,Alfred_Sisley
data/images\Alfred_Sisley\Alfred_Sisley_24.jpg,Alfred_Sisley
data/images\Alfred_Sisley\Alfred_Sisley_180.jpg,Alfred_Sisley
data/images\Alfred_Sisley\Alfred_Sisley_191.jpg,Alfred_Sisley
data/images\Alfred_Sisley\Alfred_Sisley_87.jpg,Alfred_Sisley
data/images\Alfred_Sisley\Alfred_Sisley_78.jpg,Alfred_Sisley
data/images\Alfred_Sisley\Alfred_Sisley_53.jpg,Alfred_Sisley
data/images\Alfred_Sisley\Alfred_Sisley_196.jpg,Alfred_Sisley
data/images\Alfred_Sisley\Alfred_Sisley_197.jpg,Alfred_Sisley
data/images\Alfred_Sisley\Alfred_Sisley_129.jpg,Alfred_Sisley
data/images\Alfred_Sisley\Alfred_Sisley_110.jpg,Alfred_Sisley
data/images\Alfred_Sisley\Alfred_Sisley_145.jpg,Alfred_Sisley
data/images\Alfred_Sisley\Alfred_Sisley_39.jpg,Alfred_Sisley
data/images\Alfred_Sisley\Alfred_Sisley_59.jpg,Alfred_Sisley
data/images\Alfred_Sisley\Alfred_Sisley_140.jpg,Alfred_Sisley
data/images\Alfred_Sisley\Alfred_Sisley_4.jpg,Alfred_Sisley
data/images\Alfred_Sisley\Alfred_Sisley_214.jpg,Alfred_Sisley
data/images\Alfred_Sisley\Alfred_Sisley_135.jpg,Alfred_Sisley
data/images\Alfred_Sisley\Alfred_Sisley_41.jpg,Alfred_Sisley
data/images\Alfred_Sisley\Alfred_Sisley_50.jpg,Alfred_Sisley
data/images\Alfred_Sisley\Alfred_Sisley_134.jpg,Alfred_Sisley
data/images\Alfred_Sisley\Alfred_Sisley_142.jpg,Alfred_Sisley
data/images\Alfred_Sisley\Alfred_Sisley_150.jpg,Alfred_Sisley
data/images\Alfred_Sisley\Alfred_Sisley_68.jpg,Alfred_Sisley
data/images\Alfred_Sisley\Alfred_Sisley_206.jpg,Alfred_Sisley
data/images\Alfred_Sisley\Alfred_Sisley_106.jpg,Alfred_Sisley
data/images\Alfred_Sisley\Alfred_Sisley_171.jpg,Alfred_Sisley
data/images\Alfred_Sisley\Alfred_Sisley_245.jpg,Alfred_Sisley
data/images\Alfred_Sisley\Alfred_Sisley_54.jpg,Alfred_Sisley
data/images\Alfred_Sisley\Alfred_Sisley_222.jpg,Alfred_Sisley
data/images\Alfred_Sisley\Alfred_Sisley_242.jpg,Alfred_Sisley
data/images\Alfred_Sisley\Alfred_Sisley_14.jpg,Alfred_Sisley
data/images\Alfred_Sisley\Alfred_Sisley_212.jpg,Alfred_Sisley
data/images\Alfred_Sisley\Alfred_Sisley_257.jpg,Alfred_Sisley
data/images\Alfred_Sisley\Alfred_Sisley_30.jpg,Alfred_Sisley
data/images\Alfred_Sisley\Alfred_Sisley_160.jpg,Alfred_Sisley
data/images\Alfred_Sisley\Alfred_Sisley_243.jpg,Alfred_Sisley
data/images\Alfred_Sisley\Alfred_Sisley_253.jpg,Alfred_Sisley
data/images\Alfred_Sisley\Alfred_Sisley_114.jpg,Alfred_Sisley
data/images\Alfred_Sisley\Alfred_Sisley_124.jpg,Alfred_Sisley
data/images\Alfred_Sisley\Alfred_Sisley_19.jpg,Alfred_Sisley
data/images\Alfred_Sisley\Alfred_Sisley_46.jpg,Alfred_Sisley
data/images\Alfred_Sisley\Alfred_Sisley_15.jpg,Alfred_Sisley
data/images\Alfred_Sisley\Alfred_Sisley_31.jpg,Alfred_Sisley
data/images\Alfred_Sisley\Alfred_Sisley_175.jpg,Alfred_Sisley
data/images\Alfred_Sisley\Alfred_Sisley_209.jpg,Alfred_Sisley
data/images\Alfred_Sisley\Alfred_Sisley_250.jpg,Alfred_Sisley
data/images\Alfred_Sisley\Alfred_Sisley_113.jpg,Alfred_Sisley
data/images\Alfred_Sisley\Alfred_Sisley_237.jpg,Alfred_Sisley
data/images\Alfred_Sisley\Alfred_Sisley_128.jpg,Alfred_Sisley
data/images\Alfred_Sisley\Alfred_Sisley_120.jpg,Alfred_Sisley
data/images\Alfred_Sisley\Alfred_Sisley_211.jpg,Alfred_Sisley
data/images\Alfred_Sisley\Alfred_Sisley_205.jpg,Alfred_Sisley
data/images\Alfred_Sisley\Alfred_Sisley_7.jpg,Alfred_Sisley
data/images\Alfred_Sisley\Alfred_Sisley_48.jpg,Alfred_Sisley
data/images\Alfred_Sisley\Alfred_Sisley_207.jpg,Alfred_Sisley
data/images\Alfred_Sisley\Alfred_Sisley_29.jpg,Alfred_Sisley
data/images\Alfred_Sisley\Alfred_Sisley_130.jpg,Alfred_Sisley
data/images\Alfred_Sisley\Alfred_Sisley_233.jpg,Alfred_Sisley
data/images\Alfred_Sisley\Alfred_Sisley_193.jpg,Alfred_Sisley
data/images\Alfred_Sisley\Alfred_Sisley_101.jpg,Alfred_Sisley
data/images\Alfred_Sisley\Alfred_Sisley_13.jpg,Alfred_Sisley
data/images\Alfred_Sisley\Alfred_Sisley_57.jpg,Alfred_Sisley
data/images\Alfred_Sisley\Alfred_Sisley_259.jpg,Alfred_Sisley
data/images\Alfred_Sisley\Alfred_Sisley_61.jpg,Alfred_Sisley
data/images\Alfred_Sisley\Alfred_Sisley_189.jpg,Alfred_Sisley
data/images\Alfred_Sisley\Alfred_Sisley_44.jpg,Alfred_Sisley
data/images\Alfred_Sisley\Alfred_Sisley_21.jpg,Alfred_Sisley
data/images\Alfred_Sisley\Alfred_Sisley_71.jpg,Alfred_Sisley
data/images\Alfred_Sisley\Alfred_Sisley_77.jpg,Alfred_Sisley
data/images\Alfred_Sisley\Alfred_Sisley_88.jpg,Alfred_Sisley
data/images\Alfred_Sisley\Alfred_Sisley_91.jpg,Alfred_Sisley
data/images\Alfred_Sisley\Alfred_Sisley_201.jpg,Alfred_Sisley
data/images\Alfred_Sisley\Alfred_Sisley_95.jpg,Alfred_Sisley
data/images\Alfred_Sisley\Alfred_Sisley_166.jpg,Alfred_Sisley
data/images\Alfred_Sisley\Alfred_Sisley_1.jpg,Alfred_Sisley
data/images\Alfred_Sisley\Alfred_Sisley_3.jpg,Alfred_Sisley
data/images\Amedeo_Modigliani\Amedeo_Modigliani_45.jpg,Amedeo_Modigliani
data/images\Amedeo_Modigliani\Amedeo_Modigliani_96.jpg,Amedeo_Modigliani
data/images\Amedeo_Modigliani\Amedeo_Modigliani_192.jpg,Amedeo_Modigliani
data/images\Amedeo_Modigliani\Amedeo_Modigliani_181.jpg,Amedeo_Modigliani
data/images\Amedeo_Modigliani\Amedeo_Modigliani_157.jpg,Amedeo_Modigliani
data/images\Amedeo_Modigliani\Amedeo_Modigliani_153.jpg,Amedeo_Modigliani
data/images\Amedeo_Modigliani\Amedeo_Modigliani_68.jpg,Amedeo_Modigliani
data/images\Amedeo_Modigliani\Amedeo_Modigliani_22.jpg,Amedeo_Modigliani
data/images\Amedeo_Modigliani\Amedeo_Modigliani_55.jpg,Amedeo_Modigliani
data/images\Amedeo_Modigliani\Amedeo_Modigliani_177.jpg,Amedeo_Modigliani
data/images\Amedeo_Modigliani\Amedeo_Modigliani_18.jpg,Amedeo_Modigliani
data/images\Amedeo_Modigliani\Amedeo_Modigliani_125.jpg,Amedeo_Modigliani
data/images\Amedeo_Modigliani\Amedeo_Modigliani_168.jpg,Amedeo_Modigliani
data/images\Amedeo_Modigliani\Amedeo_Modigliani_4.jpg,Amedeo_Modigliani
data/images\Amedeo_Modigliani\Amedeo_Modigliani_188.jpg,Amedeo_Modigliani
data/images\Amedeo_Modigliani\Amedeo_Modigliani_110.jpg,Amedeo_Modigliani
data/images\Amedeo_Modigliani\Amedeo_Modigliani_135.jpg,Amedeo_Modigliani
data/images\Amedeo_Modigliani\Amedeo_Modigliani_6.jpg,Amedeo_Modigliani
data/images\Amedeo_Modigliani\Amedeo_Modigliani_70.jpg,Amedeo_Modigliani
data/images\Amedeo_Modigliani\Amedeo_Modigliani_51.jpg,Amedeo_Modigliani
data/images\Amedeo_Modigliani\Amedeo_Modigliani_16.jpg,Amedeo_Modigliani
data/images\Amedeo_Modigliani\Amedeo_Modigliani_122.jpg,Amedeo_Modigliani
data/images\Amedeo_Modigliani\Amedeo_Modigliani_41.jpg,Amedeo_Modigliani
data/images\Amedeo_Modigliani\Amedeo_Modigliani_93.jpg,Amedeo_Modigliani
data/images\Amedeo_Modigliani\Amedeo_Modigliani_89.jpg,Amedeo_Modigliani
data/images\Amedeo_Modigliani\Amedeo_Modigliani_79.jpg,Amedeo_Modigliani
data/images\Amedeo_Modigliani\Amedeo_Modigliani_28.jpg,Amedeo_Modigliani
data/images\Amedeo_Modigliani\Amedeo_Modigliani_106.jpg,Amedeo_Modigliani
data/images\Amedeo_Modigliani\Amedeo_Modigliani_165.jpg,Amedeo_Modigliani
data/images\Amedeo_Modigliani\Amedeo_Modigliani_191.jpg,Amedeo_Modigliani
data/images\Amedeo_Modigliani\Amedeo_Modigliani_180.jpg,Amedeo_Modigliani
data/images\Amedeo_Modigliani\Amedeo_Modigliani_142.jpg,Amedeo_Modigliani
data/images\Amedeo_Modigliani\Amedeo_Modigliani_30.jpg,Amedeo_Modigliani
data/images\Amedeo_Modigliani\Amedeo_Modigliani_66.jpg,Amedeo_Modigliani
data/images\Amedeo_Modigliani\Amedeo_Modigliani_114.jpg,Amedeo_Modigliani
data/images\Amedeo_Modigliani\Amedeo_Modigliani_184.jpg,Amedeo_Modigliani
data/images\Amedeo_Modigliani\Amedeo_Modigliani_104.jpg,Amedeo_Modigliani
data/images\Amedeo_Modigliani\Amedeo_Modigliani_137.jpg,Amedeo_Modigliani
data/images\Amedeo_Modigliani\Amedeo_Modigliani_77.jpg,Amedeo_Modigliani
data/images\Amedeo_Modigliani\Amedeo_Modigliani_147.jpg,Amedeo_Modigliani
data/images\Amedeo_Modigliani\Amedeo_Modigliani_19.jpg,Amedeo_Modigliani
data/images\Amedeo_Modigliani\Amedeo_Modigliani_7.jpg,Amedeo_Modigliani
data/images\Amedeo_Modigliani\Amedeo_Modigliani_5.jpg,Amedeo_Modigliani
data/images\Amedeo_Modigliani\Amedeo_Modigliani_160.jpg,Amedeo_Modigliani
data/images\Amedeo_Modigliani\Amedeo_Modigliani_144.jpg,Amedeo_Modigliani
data/images\Amedeo_Modigliani\Amedeo_Modigliani_24.jpg,Amedeo_Modigliani
data/images\Amedeo_Modigliani\Amedeo_Modigliani_58.jpg,Amedeo_Modigliani
data/images\Amedeo_Modigliani\Amedeo_Modigliani_120.jpg,Amedeo_Modigliani
data/images\Amedeo_Modigliani\Amedeo_Modigliani_140.jpg,Amedeo_Modigliani
data/images\Amedeo_Modigliani\Amedeo_Modigliani_123.jpg,Amedeo_Modigliani
data/images\Amedeo_Modigliani\Amedeo_Modigliani_95.jpg,Amedeo_Modigliani
data/images\Amedeo_Modigliani\Amedeo_Modigliani_132.jpg,Amedeo_Modigliani
data/images\Amedeo_Modigliani\Amedeo_Modigliani_54.jpg,Amedeo_Modigliani
data/images\Amedeo_Modigliani\Amedeo_Modigliani_167.jpg,Amedeo_Modigliani
data/images\Amedeo_Modigliani\Amedeo_Modigliani_119.jpg,Amedeo_Modigliani
data/images\Amedeo_Modigliani\Amedeo_Modigliani_115.jpg,Amedeo_Modigliani
data/images\Amedeo_Modigliani\Amedeo_Modigliani_166.jpg,Amedeo_Modigliani
data/images\Amedeo_Modigliani\Amedeo_Modigliani_20.jpg,Amedeo_Modigliani
data/images\Amedeo_Modigliani\Amedeo_Modigliani_189.jpg,Amedeo_Modigliani
data/images\Amedeo_Modigliani\Amedeo_Modigliani_52.jpg,Amedeo_Modigliani
data/images\Amedeo_Modigliani\Amedeo_Modigliani_152.jpg,Amedeo_Modigliani
data/images\Amedeo_Modigliani\Amedeo_Modigliani_176.jpg,Amedeo_Modigliani
data/images\Amedeo_Modigliani\Amedeo_Modigliani_34.jpg,Amedeo_Modigliani
data/images\Amedeo_Modigliani\Amedeo_Modigliani_15.jpg,Amedeo_Modigliani
data/images\Amedeo_Modigliani\Amedeo_Modigliani_107.jpg,Amedeo_Modigliani
data/images\Amedeo_Modigliani\Amedeo_Modigliani_124.jpg,Amedeo_Modigliani
data/images\Amedeo_Modigliani\Amedeo_Modigliani_25.jpg,Amedeo_Modigliani
data/images\Amedeo_Modigliani\Amedeo_Modigliani_21.jpg,Amedeo_Modigliani
data/images\Amedeo_Modigliani\Amedeo_Modigliani_69.jpg,Amedeo_Modigliani
data/images\Amedeo_Modigliani\Amedeo_Modigliani_74.jpg,Amedeo_Modigliani
data/images\Amedeo_Modigliani\Amedeo_Modigliani_60.jpg,Amedeo_Modigliani
data/images\Amedeo_Modigliani\Amedeo_Modigliani_146.jpg,Amedeo_Modigliani
data/images\Amedeo_Modigliani\Amedeo_Modigliani_1.jpg,Amedeo_Modigliani
data/images\Amedeo_Modigliani\Amedeo_Modigliani_57.jpg,Amedeo_Modigliani
data/images\Amedeo_Modigliani\Amedeo_Modigliani_13.jpg,Amedeo_Modigliani
data/images\Amedeo_Modigliani\Amedeo_Modigliani_11.jpg,Amedeo_Modigliani
data/images\Amedeo_Modigliani\Amedeo_Modigliani_169.jpg,Amedeo_Modigliani
data/images\Amedeo_Modigliani\Amedeo_Modigliani_126.jpg,Amedeo_Modigliani
data/images\Amedeo_Modigliani\Amedeo_Modigliani_171.jpg,Amedeo_Modigliani
data/images\Amedeo_Modigliani\Amedeo_Modigliani_131.jpg,Amedeo_Modigliani
data/images\Amedeo_Modigliani\Amedeo_Modigliani_174.jpg,Amedeo_Modigliani
data/images\Amedeo_Modigliani\Amedeo_Modigliani_105.jpg,Amedeo_Modigliani
data/images\Amedeo_Modigliani\Amedeo_Modigliani_59.jpg,Amedeo_Modigliani
data/images\Amedeo_Modigliani\Amedeo_Modigliani_56.jpg,Amedeo_Modigliani
data/images\Amedeo_Modigliani\Amedeo_Modigliani_145.jpg,Amedeo_Modigliani
data/images\Amedeo_Modigliani\Amedeo_Modigliani_42.jpg,Amedeo_Modigliani
data/images\Amedeo_Modigliani\Amedeo_Modigliani_47.jpg,Amedeo_Modigliani
data/images\Amedeo_Modigliani\Amedeo_Modigliani_75.jpg,Amedeo_Modigliani
data/images\Amedeo_Modigliani\Amedeo_Modigliani_87.jpg,Amedeo_Modigliani
data/images\Amedeo_Modigliani\Amedeo_Modigliani_43.jpg,Amedeo_Modigliani
data/images\Amedeo_Modigliani\Amedeo_Modigliani_8.jpg,Amedeo_Modigliani
data/images\Amedeo_Modigliani\Amedeo_Modigliani_179.jpg,Amedeo_Modigliani
data/images\Amedeo_Modigliani\Amedeo_Modigliani_31.jpg,Amedeo_Modigliani
data/images\Amedeo_Modigliani\Amedeo_Modigliani_128.jpg,Amedeo_Modigliani
data/images\Amedeo_Modigliani\Amedeo_Modigliani_130.jpg,Amedeo_Modigliani
data/images\Amedeo_Modigliani\Amedeo_Modigliani_161.jpg,Amedeo_Modigliani
data/images\Amedeo_Modigliani\Amedeo_Modigliani_64.jpg,Amedeo_Modigliani
data/images\Amedeo_Modigliani\Amedeo_Modigliani_97.jpg,Amedeo_Modigliani
data/images\Amedeo_Modigliani\Amedeo_Modigliani_101.jpg,Amedeo_Modigliani
data/images\Amedeo_Modigliani\Amedeo_Modigliani_98.jpg,Amedeo_Modigliani
data/images\Amedeo_Modigliani\Amedeo_Modigliani_158.jpg,Amedeo_Modigliani
data/images\Amedeo_Modigliani\Amedeo_Modigliani_85.jpg,Amedeo_Modigliani
data/images\Amedeo_Modigliani\Amedeo_Modigliani_78.jpg,Amedeo_Modigliani
data/images\Amedeo_Modigliani\Amedeo_Modigliani_48.jpg,Amedeo_Modigliani
data/images\Amedeo_Modigliani\Amedeo_Modigliani_29.jpg,Amedeo_Modigliani
data/images\Amedeo_Modigliani\Amedeo_Modigliani_117.jpg,Amedeo_Modigliani
data/images\Amedeo_Modigliani\Amedeo_Modigliani_38.jpg,Amedeo_Modigliani
data/images\Amedeo_Modigliani\Amedeo_Modigliani_14.jpg,Amedeo_Modigliani
data/images\Amedeo_Modigliani\Amedeo_Modigliani_12.jpg,Amedeo_Modigliani
data/images\Amedeo_Modigliani\Amedeo_Modigliani_163.jpg,Amedeo_Modigliani
data/images\Amedeo_Modigliani\Amedeo_Modigliani_88.jpg,Amedeo_Modigliani
data/images\Amedeo_Modigliani\Amedeo_Modigliani_94.jpg,Amedeo_Modigliani
data/images\Amedeo_Modigliani\Amedeo_Modigliani_183.jpg,Amedeo_Modigliani
data/images\Amedeo_Modigliani\Amedeo_Modigliani_44.jpg,Amedeo_Modigliani
data/images\Amedeo_Modigliani\Amedeo_Modigliani_61.jpg,Amedeo_Modigliani
data/images\Amedeo_Modigliani\Amedeo_Modigliani_27.jpg,Amedeo_Modigliani
data/images\Amedeo_Modigliani\Amedeo_Modigliani_99.jpg,Amedeo_Modigliani
data/images\Amedeo_Modigliani\Amedeo_Modigliani_154.jpg,Amedeo_Modigliani
data/images\Amedeo_Modigliani\Amedeo_Modigliani_185.jpg,Amedeo_Modigliani
data/images\Amedeo_Modigliani\Amedeo_Modigliani_133.jpg,Amedeo_Modigliani
data/images\Amedeo_Modigliani\Amedeo_Modigliani_148.jpg,Amedeo_Modigliani
data/images\Amedeo_Modigliani\Amedeo_Modigliani_162.jpg,Amedeo_Modigliani
data/images\Amedeo_Modigliani\Amedeo_Modigliani_26.jpg,Amedeo_Modigliani
data/images\Amedeo_Modigliani\Amedeo_Modigliani_10.jpg,Amedeo_Modigliani
data/images\Amedeo_Modigliani\Amedeo_Modigliani_139.jpg,Amedeo_Modigliani
data/images\Amedeo_Modigliani\Amedeo_Modigliani_127.jpg,Amedeo_Modigliani
data/images\Amedeo_Modigliani\Amedeo_Modigliani_63.jpg,Amedeo_Modigliani
data/images\Andy_Warhol\Andy_Warhol_147.jpg,Andy_Warhol
data/images\Andy_Warhol\Andy_Warhol_146.jpg,Andy_Warhol
data/images\Andy_Warhol\Andy_Warhol_177.jpg,Andy_Warhol
data/images\Andy_Warhol\Andy_Warhol_28.jpg,Andy_Warhol
data/images\Andy_Warhol\Andy_Warhol_49.jpg,Andy_Warhol
data/images\Andy_Warhol\Andy_Warhol_144.jpg,Andy_Warhol
data/images\Andy_Warhol\Andy_Warhol_25.jpg,Andy_Warhol
data/images\Andy_Warhol\Andy_Warhol_13.jpg,Andy_Warhol
data/images\Andy_Warhol\Andy_Warhol_176.jpg,Andy_Warhol
data/images\Andy_Warhol\Andy_Warhol_88.jpg,Andy_Warhol
data/images\Andy_Warhol\Andy_Warhol_111.jpg,Andy_Warhol
data/images\Andy_Warhol\Andy_Warhol_80.jpg,Andy_Warhol
data/images\Andy_Warhol\Andy_Warhol_74.jpg,Andy_Warhol
data/images\Andy_Warhol\Andy_Warhol_102.jpg,Andy_Warhol
data/images\Andy_Warhol\Andy_Warhol_179.jpg,Andy_Warhol
data/images\Andy_Warhol\Andy_Warhol_9.jpg,Andy_Warhol
data/images\Andy_Warhol\Andy_Warhol_37.jpg,Andy_Warhol
data/images\Andy_Warhol\Andy_Warhol_163.jpg,Andy_Warhol
data/images\Andy_Warhol\Andy_Warhol_97.jpg,Andy_Warhol
data/images\Andy_Warhol\Andy_Warhol_143.jpg,Andy_Warhol
data/images\Andy_Warhol\Andy_Warhol_170.jpg,Andy_Warhol
data/images\Andy_Warhol\Andy_Warhol_135.jpg,Andy_Warhol
data/images\Andy_Warhol\Andy_Warhol_10.jpg,Andy_Warhol
data/images\Andy_Warhol\Andy_Warhol_167.jpg,Andy_Warhol
data/images\Andy_Warhol\Andy_Warhol_109.jpg,Andy_Warhol
data/images\Andy_Warhol\Andy_Warhol_92.jpg,Andy_Warhol
data/images\Andy_Warhol\Andy_Warhol_142.jpg,Andy_Warhol
data/images\Andy_Warhol\Andy_Warhol_166.jpg,Andy_Warhol
data/images\Andy_Warhol\Andy_Warhol_108.jpg,Andy_Warhol
data/images\Andy_Warhol\Andy_Warhol_81.jpg,Andy_Warhol
data/images\Andy_Warhol\Andy_Warhol_35.jpg,Andy_Warhol
data/images\Andy_Warhol\Andy_Warhol_155.jpg,Andy_Warhol
data/images\Andy_Warhol\Andy_Warhol_63.jpg,Andy_Warhol
data/images\Andy_Warhol\Andy_Warhol_94.jpg,Andy_Warhol
data/images\Andy_Warhol\Andy_Warhol_11.jpg,Andy_Warhol
data/images\Andy_Warhol\Andy_Warhol_77.jpg,Andy_Warhol
data/images\Andy_Warhol\Andy_Warhol_64.jpg,Andy_Warhol
data/images\Andy_Warhol\Andy_Warhol_17.jpg,Andy_Warhol
data/images\Andy_Warhol\Andy_Warhol_99.jpg,Andy_Warhol
data/images\Andy_Warhol\Andy_Warhol_180.jpg,Andy_Warhol
data/images\Andy_Warhol\Andy_Warhol_51.jpg,Andy_Warhol
data/images\Andy_Warhol\Andy_Warhol_149.jpg,Andy_Warhol
data/images\Andy_Warhol\Andy_Warhol_50.jpg,Andy_Warhol
data/images\Andy_Warhol\Andy_Warhol_3.jpg,Andy_Warhol
data/images\Andy_Warhol\Andy_Warhol_33.jpg,Andy_Warhol
data/images\Andy_Warhol\Andy_Warhol_125.jpg,Andy_Warhol
data/images\Andy_Warhol\Andy_Warhol_8.jpg,Andy_Warhol
data/images\Andy_Warhol\Andy_Warhol_55.jpg,Andy_Warhol
data/images\Andy_Warhol\Andy_Warhol_137.jpg,Andy_Warhol
data/images\Andy_Warhol\Andy_Warhol_112.jpg,Andy_Warhol
data/images\Andy_Warhol\Andy_Warhol_44.jpg,Andy_Warhol
data/images\Andy_Warhol\Andy_Warhol_123.jpg,Andy_Warhol
data/images\Andy_Warhol\Andy_Warhol_86.jpg,Andy_Warhol
data/images\Andy_Warhol\Andy_Warhol_85.jpg,Andy_Warhol
data/images\Andy_Warhol\Andy_Warhol_100.jpg,Andy_Warhol
data/images\Andy_Warhol\Andy_Warhol_1.jpg,Andy_Warhol
data/images\Andy_Warhol\Andy_Warhol_107.jpg,Andy_Warhol
data/images\Andy_Warhol\Andy_Warhol_47.jpg,Andy_Warhol
data/images\Andy_Warhol\Andy_Warhol_19.jpg,Andy_Warhol
data/images\Andy_Warhol\Andy_Warhol_26.jpg,Andy_Warhol
data/images\Andy_Warhol\Andy_Warhol_87.jpg,Andy_Warhol
data/images\Andy_Warhol\Andy_Warhol_150.jpg,Andy_Warhol
data/images\Andy_Warhol\Andy_Warhol_168.jpg,Andy_Warhol
data/images\Andy_Warhol\Andy_Warhol_152.jpg,Andy_Warhol
data/images\Andy_Warhol\Andy_Warhol_83.jpg,Andy_Warhol
data/images\Andy_Warhol\Andy_Warhol_174.jpg,Andy_Warhol
data/images\Andy_Warhol\Andy_Warhol_141.jpg,Andy_Warhol
data/images\Andy_Warhol\Andy_Warhol_113.jpg,Andy_Warhol
data/images\Andy_Warhol\Andy_Warhol_173.jpg,Andy_Warhol
data/images\Andy_Warhol\Andy_Warhol_12.jpg,Andy_Warhol
data/images\Andy_Warhol\Andy_Warhol_16.jpg,Andy_Warhol
data/images\Andy_Warhol\Andy_Warhol_114.jpg,Andy_Warhol
data/images\Andy_Warhol\Andy_Warhol_96.jpg,Andy_Warhol
data/images\Andy_Warhol\Andy_Warhol_138.jpg,Andy_Warhol
data/images\Andy_Warhol\Andy_Warhol_95.jpg,Andy_Warhol
data/images\Andy_Warhol\Andy_Warhol_115.jpg,Andy_Warhol
data/images\Andy_Warhol\Andy_Warhol_101.jpg,Andy_Warhol
data/images\Andy_Warhol\Andy_Warhol_23.jpg,Andy_Warhol
data/images\Andy_Warhol\Andy_Warhol_46.jpg,Andy_Warhol
data/images\Andy_Warhol\Andy_Warhol_129.jpg,Andy_Warhol
data/images\Andy_Warhol\Andy_Warhol_84.jpg,Andy_Warhol
data/images\Andy_Warhol\Andy_Warhol_6.jpg,Andy_Warhol
data/images\Andy_Warhol\Andy_Warhol_151.jpg,Andy_Warhol
data/images\Andy_Warhol\Andy_Warhol_43.jpg,Andy_Warhol
data/images\Andy_Warhol\Andy_Warhol_105.jpg,Andy_Warhol
data/images\Andy_Warhol\Andy_Warhol_48.jpg,Andy_Warhol
data/images\Andy_Warhol\Andy_Warhol_148.jpg,Andy_Warhol
data/images\Andy_Warhol\Andy_Warhol_41.jpg,Andy_Warhol
data/images\Andy_Warhol\Andy_Warhol_116.jpg,Andy_Warhol
data/images\Andy_Warhol\Andy_Warhol_178.jpg,Andy_Warhol
data/images\Andy_Warhol\Andy_Warhol_117.jpg,Andy_Warhol
data/images\Andy_Warhol\Andy_Warhol_119.jpg,Andy_Warhol
data/images\Andy_Warhol\Andy_Warhol_53.jpg,Andy_Warhol
data/images\Andy_Warhol\Andy_Warhol_60.jpg,Andy_Warhol
data/images\Andy_Warhol\Andy_Warhol_175.jpg,Andy_Warhol
data/images\Andy_Warhol\Andy_Warhol_90.jpg,Andy_Warhol
data/images\Andy_Warhol\Andy_Warhol_31.jpg,Andy_Warhol
data/images\Andy_Warhol\Andy_Warhol_82.jpg,Andy_Warhol
data/images\Andy_Warhol\Andy_Warhol_153.jpg,Andy_Warhol
data/images\Andy_Warhol\Andy_Warhol_140.jpg,Andy_Warhol
data/images\Andy_Warhol\Andy_Warhol_76.jpg,Andy_Warhol
data/images\Andy_Warhol\Andy_Warhol_126.jpg,Andy_Warhol
data/images\Andy_Warhol\Andy_Warhol_68.jpg,Andy_Warhol
data/images\Andy_Warhol\Andy_Warhol_169.jpg,Andy_Warhol
data/images\Andy_Warhol\Andy_Warhol_91.jpg,Andy_Warhol
data/images\Andy_Warhol\Andy_Warhol_30.jpg,Andy_Warhol
data/images\Andy_Warhol\Andy_Warhol_58.jpg,Andy_Warhol
data/images\Andy_Warhol\Andy_Warhol_36.jpg,Andy_Warhol
data/images\Andy_Warhol\Andy_Warhol_161.jpg,Andy_Warhol
data/images\Andy_Warhol\Andy_Warhol_134.jpg,Andy_Warhol
data/images\Andy_Warhol\Andy_Warhol_62.jpg,Andy_Warhol
data/images\Andy_Warhol\Andy_Warhol_181.jpg,Andy_Warhol
data/images\Andy_Warhol\Andy_Warhol_128.jpg,Andy_Warhol
data/images\Andy_Warhol\Andy_Warhol_79.jpg,Andy_Warhol
data/images\Andy_Warhol\Andy_Warhol_4.jpg,Andy_Warhol
data/images\Andy_Warhol\Andy_Warhol_39.jpg,Andy_Warhol
data/images\Andy_Warhol\Andy_Warhol_104.jpg,Andy_Warhol
data/images\Andy_Warhol\Andy_Warhol_32.jpg,Andy_Warhol
data/images\Andy_Warhol\Andy_Warhol_164.jpg,Andy_Warhol
data/images\Andy_Warhol\Andy_Warhol_54.jpg,Andy_Warhol
data/images\Andy_Warhol\Andy_Warhol_14.jpg,Andy_Warhol
data/images\Andy_Warhol\Andy_Warhol_40.jpg,Andy_Warhol
data/images\Andy_Warhol\Andy_Warhol_69.jpg,Andy_Warhol
data/images\Andy_Warhol\Andy_Warhol_34.jpg,Andy_Warhol
data/images\Andy_Warhol\Andy_Warhol_22.jpg,Andy_Warhol
data/images\Andy_Warhol\Andy_Warhol_118.jpg,Andy_Warhol
data/images\Andy_Warhol\Andy_Warhol_65.jpg,Andy_Warhol
data/images\Edgar_Degas\Edgar_Degas_33.jpg,Edgar_Degas
data/images\Edgar_Degas\Edgar_Degas_361.jpg,Edgar_Degas
data/images\Edgar_Degas\Edgar_Degas_597.jpg,Edgar_Degas
data/images\Edgar_Degas\Edgar_Degas_688.jpg,Edgar_Degas
data/images\Edgar_Degas\Edgar_Degas_71.jpg,Edgar_Degas
data/images\Edgar_Degas\Edgar_Degas_260.jpg,Edgar_Degas
data/images\Edgar_Degas\Edgar_Degas_473.jpg,Edgar_Degas
data/images\Edgar_Degas\Edgar_Degas_212.jpg,Edgar_Degas
data/images\Edgar_Degas\Edgar_Degas_21.jpg,Edgar_Degas
data/images\Edgar_Degas\Edgar_Degas_211.jpg,Edgar_Degas
data/images\Edgar_Degas\Edgar_Degas_698.jpg,Edgar_Degas
data/images\Edgar_Degas\Edgar_Degas_579.jpg,Edgar_Degas
data/images\Edgar_Degas\Edgar_Degas_138.jpg,Edgar_Degas
data/images\Edgar_Degas\Edgar_Degas_34.jpg,Edgar_Degas
data/images\Edgar_Degas\Edgar_Degas_409.jpg,Edgar_Degas
data/images\Edgar_Degas\Edgar_Degas_261.jpg,Edgar_Degas
data/images\Edgar_Degas\Edgar_Degas_165.jpg,Edgar_Degas
data/images\Edgar_Degas\Edgar_Degas_100.jpg,Edgar_Degas
data/images\Edgar_Degas\Edgar_Degas_547.jpg,Edgar_Degas
data/images\Edgar_Degas\Edgar_Degas_395.jpg,Edgar_Degas
data/images\Edgar_Degas\Edgar_Degas_91.jpg,Edgar_Degas
data/images\Edgar_Degas\Edgar_Degas_50.jpg,Edgar_Degas
data/images\Edgar_Degas\Edgar_Degas_655.jpg,Edgar_Degas
data/images\Edgar_Degas\Edgar_Degas_643.jpg,Edgar_Degas
data/images\Edgar_Degas\Edgar_Degas_389.jpg,Edgar_Degas
data/images\Edgar_Degas\Edgar_Degas_307.jpg,Edgar_Degas
data/images\Edgar_Degas\Edgar_Degas_81.jpg,Edgar_Degas
data/images\Edgar_Degas\Edgar_Degas_482.jpg,Edgar_Degas
data/images\Edgar_Degas\Edgar_Degas_22.jpg,Edgar_Degas
data/images\Edgar_Degas\Edgar_Degas_147.jpg,Edgar_Degas
data/images\Edgar_Degas\Edgar_Degas_625.jpg,Edgar_Degas
data/images\Edgar_Degas\Edgar_Degas_506.jpg,Edgar_Degas
data/images\Edgar_Degas\Edgar_Degas_654.jpg,Edgar_Degas
data/images\Edgar_Degas\Edgar_Degas_329.jpg,Edgar_Degas
data/images\Edgar_Degas\Edgar_Degas_318.jpg,Edgar_Degas
data/images\Edgar_Degas\Edgar_Degas_123.jpg,Edgar_Degas
data/images\Edgar_Degas\Edgar_Degas_569.jpg,Edgar_Degas
data/images\Edgar_Degas\Edgar_Degas_20.jpg,Edgar_Degas
data/images\Edgar_Degas\Edgar_Degas_46.jpg,Edgar_Degas
data/images\Edgar_Degas\Edgar_Degas_503.jpg,Edgar_Degas
data/images\Edgar_Degas\Edgar_Degas_68.jpg,Edgar_Degas
data/images\Edgar_Degas\Edgar_Degas_227.jpg,Edgar_Degas
data/images\Edgar_Degas\Edgar_Degas_606.jpg,Edgar_Degas
data/images\Edgar_Degas\Edgar_Degas_12.jpg,Edgar_Degas
data/images\Edgar_Degas\Edgar_Degas_635.jpg,Edgar_Degas
data/images\Edgar_Degas\Edgar_Degas_205.jpg,Edgar_Degas
data/images\Edgar_Degas\Edgar_Degas_650.jpg,Edgar_Degas
data/images\Edgar_Degas\Edgar_Degas_490.jpg,Edgar_Degas
data/images\Edgar_Degas\Edgar_Degas_666.jpg,Edgar_Degas
data/images\Edgar_Degas\Edgar_Degas_112.jpg,Edgar_Degas
data/images\Edgar_Degas\Edgar_Degas_128.jpg,Edgar_Degas
data/images\Edgar_Degas\Edgar_Degas_312.jpg,Edgar_Degas
data/images\Edgar_Degas\Edgar_Degas_479.jpg,Edgar_Degas
data/images\Edgar_Degas\Edgar_Degas_507.jpg,Edgar_Degas
data/images\Edgar_Degas\Edgar_Degas_103.jpg,Edgar_Degas
data/images\Edgar_Degas\Edgar_Degas_542.jpg,Edgar_Degas
data/images\Edgar_Degas\Edgar_Degas_612.jpg,Edgar_Degas
data/images\Edgar_Degas\Edgar_Degas_360.jpg,Edgar_Degas
data/images\Edgar_Degas\Edgar_Degas_651.jpg,Edgar_Degas
data/images\Edgar_Degas\Edgar_Degas_293.jpg,Edgar_Degas
data/images\Edgar_Degas\Edgar_Degas_589.jpg,Edgar_Degas
data/images\Edgar_Degas\Edgar_Degas_61.jpg,Edgar_Degas
data/images\Edgar_Degas\Edgar_Degas_218.jpg,Edgar_Degas
data/images\Edgar_Degas\Edgar_Degas_607.jpg,Edgar_Degas
data/images\Edgar_Degas\Edgar_Degas_668.jpg,Edgar_Degas
data/images\Edgar_Degas\Edgar_Degas_203.jpg,Edgar_Degas
data/images\Edgar_Degas\Edgar_Degas_619.jpg,Edgar_Degas
data/images\Edgar_Degas\Edgar_Degas_429.jpg,Edgar_Degas
data/images\Edgar_Degas\Edgar_Degas_193.jpg,Edgar_Degas
data/images\Edgar_Degas\Edgar_Degas_442.jpg,Edgar_Degas
data/images\Edgar_Degas\Edgar_Degas_85.jpg,Edgar_Degas
data/images\Edgar_Degas\Edgar_Degas_512.jpg,Edgar_Degas
data/images\Edgar_Degas\Edgar_Degas_62.jpg,Edgar_Degas
data/images\Edgar_Degas\Edgar_Degas_591.jpg,Edgar_Degas
data/images\Edgar_Degas\Edgar_Degas_661.jpg,Edgar_Degas
data/images\Edgar_Degas\Edgar_Degas_683.jpg,Edgar_Degas
data/images\Edgar_Degas\Edgar_Degas_347.jpg,Edgar_Degas
data/images\Edgar_Degas\Edgar_Degas_25.jpg,Edgar_Degas
data/images\Edgar_Degas\Edgar_Degas_670.jpg,Edgar_Degas
data/images\Edgar_Degas\Edgar_Degas_692.jpg,Edgar_Degas
data/images\Edgar_Degas\Edgar_Degas_51.jpg,Edgar_Degas
data/images\Edgar_Degas\Edgar_Degas_418.jpg,Edgar_Degas
data/images\Edgar_Degas\Edgar_Degas_236.jpg,Edgar_Degas
data/images\Edgar_Degas\Edgar_Degas_452.jpg,Edgar_Degas
data/images\Edgar_Degas\Edgar_Degas_256.jpg,Edgar_Degas
data/images\Edgar_Degas\Edgar_Degas_480.jpg,Edgar_Degas
data/images\Edgar_Degas\Edgar_Degas_142.jpg,Edgar_Degas
data/images\Edgar_Degas\Edgar_Degas_299.jpg,Edgar_Degas
data/images\Edgar_Degas\Edgar_Degas_121.jpg,Edgar_Degas
data/images\Edgar_Degas\Edgar_Degas_621.jpg,Edgar_Degas
data/images\Edgar_Degas\Edgar_Degas_462.jpg,Edgar_Degas
data/images\Edgar_Degas\Edgar_Degas_88.jpg,Edgar_Degas
data/images\Edgar_Degas\Edgar_Degas_157.jpg,Edgar_Degas
data/images\Edgar_Degas\Edgar_Degas_119.jpg,Edgar_Degas
data/images\Edgar_Degas\Edgar_Degas_66.jpg,Edgar_Degas
data/images\Edgar_Degas\Edgar_Degas_571.jpg,Edgar_Degas
data/images\Edgar_Degas\Edgar_Degas_380.jpg,Edgar_Degas
data/images\Edgar_Degas\Edgar_Degas_125.jpg,Edgar_Degas
data/images\Edgar_Degas\Edgar_Degas_682.jpg,Edgar_Degas
data/images\Edgar_Degas\Edgar_Degas_567.jpg,Edgar_Degas
data/images\Edgar_Degas\Edgar_Degas_152.jpg,Edgar_Degas
data/images\Edgar_Degas\Edgar_Degas_693.jpg,Edgar_Degas
data/images\Edgar_Degas\Edgar_Degas_592.jpg,Edgar_Degas
data/images\Edgar_Degas\Edgar_Degas_266.jpg,Edgar_Degas
data/images\Edgar_Degas\Edgar_Degas_461.jpg,Edgar_Degas
data/images\Edgar_Degas\Edgar_Degas_38.jpg,Edgar_Degas
data/images\Edgar_Degas\Edgar_Degas_344.jpg,Edgar_Degas
data/images\Edgar_Degas\Edgar_Degas_96.jpg,Edgar_Degas
data/images\Edgar_Degas\Edgar_Degas_584.jpg,Edgar_Degas
data/images\Edgar_Degas\Edgar_Degas_296.jpg,Edgar_Degas
data/images\Edgar_Degas\Edgar_Degas_250.jpg,Edgar_Degas
data/images\Edgar_Degas\Edgar_Degas_689.jpg,Edgar_Degas
data/images\Edgar_Degas\Edgar_Degas_19.jpg,Edgar_Degas
data/images\Edgar_Degas\Edgar_Degas_359.jpg,Edgar_Degas
data/images\Edgar_Degas\Edgar_Degas_275.jpg,Edgar_Degas
data/images\Edgar_Degas\Edgar_Degas_342.jpg,Edgar_Degas
data/images\Edgar_Degas\Edgar_Degas_82.jpg,Edgar_Degas
data/images\Edgar_Degas\Edgar_Degas_572.jpg,Edgar_Degas
data/images\Edgar_Degas\Edgar_Degas_115.jpg,Edgar_Degas
data/images\Edgar_Degas\Edgar_Degas_629.jpg,Edgar_Degas
data/images\Edgar_Degas\Edgar_Degas_240.jpg,Edgar_Degas
data/images\Edgar_Degas\Edgar_Degas_40.jpg,Edgar_Degas
data/images\Edgar_Degas\Edgar_Degas_439.jpg,Edgar_Degas
data/images\Edgar_Degas\Edgar_Degas_556.jpg,Edgar_Degas
data/images\Edgar_Degas\Edgar_Degas_41.jpg,Edgar_Degas
data/images\Edgar_Degas\Edgar_Degas_354.jpg,Edgar_Degas
data/images\Edgar_Degas\Edgar_Degas_303.jpg,Edgar_Degas
data/images\Francisco_Goya\Francisco_Goya_144.jpg,Francisco_Goya
data/images\Francisco_Goya\Francisco_Goya_169.jpg,Francisco_Goya
data/images\Francisco_Goya\Francisco_Goya_5.jpg,Francisco_Goya
data/images\Francisco_Goya\Francisco_Goya_134.jpg,Francisco_Goya
data/images\Francisco_Goya\Francisco_Goya_280.jpg,Francisco_Goya
data/images\Francisco_Goya\Francisco_Goya_266.jpg,Francisco_Goya
data/images\Francisco_Goya\Francisco_Goya_218.jpg,Francisco_Goya
data/images\Francisco_Goya\Francisco_Goya_253.jpg,Francisco_Goya
data/images\Francisco_Goya\Francisco_Goya_38.jpg,Francisco_Goya
data/images\Francisco_Goya\Francisco_Goya_176.jpg,Francisco_Goya
data/images\Francisco_Goya\Francisco_Goya_198.jpg,Francisco_Goya
data/images\Francisco_Goya\Francisco_Goya_221.jpg,Francisco_Goya
data/images\Francisco_Goya\Francisco_Goya_222.jpg,Francisco_Goya
data/images\Francisco_Goya\Francisco_Goya_10.jpg,Francisco_Goya
data/images\Francisco_Goya\Francisco_Goya_30.jpg,Francisco_Goya
data/images\Francisco_Goya\Francisco_Goya_276.jpg,Francisco_Goya
data/images\Francisco_Goya\Francisco_Goya_259.jpg,Francisco_Goya
data/images\Francisco_Goya\Francisco_Goya_36.jpg,Francisco_Goya
data/images\Francisco_Goya\Francisco_Goya_115.jpg,Francisco_Goya
data/images\Francisco_Goya\Francisco_Goya_201.jpg,Francisco_Goya
data/images\Francisco_Goya\Francisco_Goya_33.jpg,Francisco_Goya
data/images\Francisco_Goya\Francisco_Goya_97.jpg,Francisco_Goya
data/images\Francisco_Goya\Francisco_Goya_214.jpg,Francisco_Goya
data/images\Francisco_Goya\Francisco_Goya_226.jpg,Francisco_Goya
data/images\Francisco_Goya\Francisco_Goya_242.jpg,Francisco_Goya
data/images\Francisco_Goya\Francisco_Goya_271.jpg,Francisco_Goya
data/images\Francisco_Goya\Francisco_Goya_148.jpg,Francisco_Goya
data/images\Francisco_Goya\Francisco_Goya_85.jpg,Francisco_Goya
data/images\Francisco_Goya\Francisco_Goya_24.jpg,Francisco_Goya
data/images\Francisco_Goya\Francisco_Goya_177.jpg,Francisco_Goya
data/images\Francisco_Goya\Francisco_Goya_103.jpg,Francisco_Goya
data/images\Francisco_Goya\Francisco_Goya_14.jpg,Francisco_Goya
data/images\Francisco_Goya\Francisco_Goya_162.jpg,Francisco_Goya
data/images\Francisco_Goya\Francisco_Goya_149.jpg,Francisco_Goya
data/images\Francisco_Goya\Francisco_Goya_11.jpg,Francisco_Goya
data/images\Francisco_Goya\Francisco_Goya_17.jpg,Francisco_Goya
data/images\Francisco_Goya\Francisco_Goya_127.jpg,Francisco_Goya
data/images\Francisco_Goya\Francisco_Goya_227.jpg,Francisco_Goya
data/images\Francisco_Goya\Francisco_Goya_110.jpg,Francisco_Goya
data/images\Francisco_Goya\Francisco_Goya_215.jpg,Francisco_Goya
data/images\Francisco_Goya\Francisco_Goya_22.jpg,Francisco_Goya
data/images\Francisco_Goya\Francisco_Goya_179.jpg,Francisco_Goya
data/images\Francisco_Goya\Francisco_Goya_282.jpg,Francisco_Goya
data/images\Francisco_Goya\Francisco_Goya_146.jpg,Francisco_Goya
data/images\Francisco_Goya\Francisco_Goya_42.jpg,Francisco_Goya
data/images\Francisco_Goya\Francisco_Goya_84.jpg,Francisco_Goya
data/images\Francisco_Goya\Francisco_Goya_212.jpg,Francisco_Goya
data/images\Francisco_Goya\Francisco_Goya_81.jpg,Francisco_Goya
data/images\Francisco_Goya\Francisco_Goya_105.jpg,Francisco_Goya
data/images\Francisco_Goya\Francisco_Goya_1.jpg,Francisco_Goya
data/images\Francisco_Goya\Francisco_Goya_163.jpg,Francisco_Goya
data/images\Francisco_Goya\Francisco_Goya_291.jpg,Francisco_Goya
data/images\Francisco_Goya\Francisco_Goya_211.jpg,Francisco_Goya
data/images\Francisco_Goya\Francisco_Goya_32.jpg,Francisco_Goya
data/images\Francisco_Goya\Francisco_Goya_83.jpg,Francisco_Goya
data/images\Francisco_Goya\Francisco_Goya_240.jpg,Francisco_Goya
data/images\Francisco_Goya\Francisco_Goya_3.jpg,Francisco_Goya
data/images\Francisco_Goya\Francisco_Goya_70.jpg,Francisco_Goya
data/images\Francisco_Goya\Francisco_Goya_122.jpg,Francisco_Goya
data/images\Francisco_Goya\Francisco_Goya_185.jpg,Francisco_Goya
data/images\Francisco_Goya\Francisco_Goya_13.jpg,Francisco_Goya
data/images\Francisco_Goya\Francisco_Goya_284.jpg,Francisco_Goya
data/images\Francisco_Goya\Francisco_Goya_107.jpg,Francisco_Goya
data/images\Francisco_Goya\Francisco_Goya_172.jpg,Francisco_Goya
data/images\Francisco_Goya\Francisco_Goya_60.jpg,Francisco_Goya
data/images\Francisco_Goya\Francisco_Goya_47.jpg,Francisco_Goya
data/images\Francisco_Goya\Francisco_Goya_71.jpg,Francisco_Goya
data/images\Francisco_Goya\Francisco_Goya_56.jpg,Francisco_Goya
data/images\Francisco_Goya\Francisco_Goya_156.jpg,Francisco_Goya
data/images\Francisco_Goya\Francisco_Goya_135.jpg,Francisco_Goya
data/images\Francisco_Goya\Francisco_Goya_207.jpg,Francisco_Goya
data/images\Francisco_Goya\Francisco_Goya_101.jpg,Francisco_Goya
data/images\Francisco_Goya\Francisco_Goya_138.jpg,Francisco_Goya
data/images\Francisco_Goya\Francisco_Goya_233.jpg,Francisco_Goya
data/images\Francisco_Goya\Francisco_Goya_25.jpg,Francisco_Goya
data/images\Francisco_Goya\Francisco_Goya_197.jpg,Francisco_Goya
data/images\Francisco_Goya\Francisco_Goya_117.jpg,Francisco_Goya
data/images\Francisco_Goya\Francisco_Goya_19.jpg,Francisco_Goya
data/images\Francisco_Goya\Francisco_Goya_239.jpg,Francisco_Goya
data/images\Francisco_Goya\Francisco_Goya_250.jpg,Francisco_Goya
data/images\Francisco_Goya\Francisco_Goya_231.jpg,Francisco_Goya
data/images\Francisco_Goya\Francisco_Goya_94.jpg,Francisco_Goya
data/images\Francisco_Goya\Francisco_Goya_184.jpg,Francisco_Goya
data/images\Francisco_Goya\Francisco_Goya_256.jpg,Francisco_Goya
data/images\Francisco_Goya\Francisco_Goya_147.jpg,Francisco_Goya
data/images\Francisco_Goya\Francisco_Goya_164.jpg,Francisco_Goya
data/images\Francisco_Goya\Francisco_Goya_194.jpg,Francisco_Goya
data/images\Francisco_Goya\Francisco_Goya_170.jpg,Francisco_Goya
data/images\Francisco_Goya\Francisco_Goya_92.jpg,Francisco_Goya
data/images\Francisco_Goya\Francisco_Goya_114.jpg,Francisco_Goya
data/images\Francisco_Goya\Francisco_Goya_161.jpg,Francisco_Goya
data/images\Francisco_Goya\Francisco_Goya_254.jpg,Francisco_Goya
data/images\Francisco_Goya\Francisco_Goya_235.jpg,Francisco_Goya
data/images\Francisco_Goya\Francisco_Goya_269.jpg,Francisco_Goya
data/images\Francisco_Goya\Francisco_Goya_277.jpg,Francisco_Goya
data/images\Francisco_Goya\Francisco_Goya_73.jpg,Francisco_Goya
data/images\Francisco_Goya\Francisco_Goya_74.jpg,Francisco_Goya
data/images\Francisco_Goya\Francisco_Goya_229.jpg,Francisco_Goya
data/images\Francisco_Goya\Francisco_Goya_192.jpg,Francisco_Goya
data/images\Francisco_Goya\Francisco_Goya_137.jpg,Francisco_Goya
data/images\Francisco_Goya\Francisco_Goya_246.jpg,Francisco_Goya
data/images\Francisco_Goya\Francisco_Goya_64.jpg,Francisco_Goya
data/images\Francisco_Goya\Francisco_Goya_167.jpg,Francisco_Goya
data/images\Francisco_Goya\Francisco_Goya_220.jpg,Francisco_Goya
data/images\Francisco_Goya\Francisco_Goya_59.jpg,Francisco_Goya
data/images\Francisco_Goya\Francisco_Goya_50.jpg,Francisco_Goya
data/images\Francisco_Goya\Francisco_Goya_273.jpg,Francisco_Goya
data/images\Francisco_Goya\Francisco_Goya_158.jpg,Francisco_Goya
data/images\Francisco_Goya\Francisco_Goya_189.jpg,Francisco_Goya
data/images\Francisco_Goya\Francisco_Goya_237.jpg,Francisco_Goya
data/images\Francisco_Goya\Francisco_Goya_255.jpg,Francisco_Goya
data/images\Francisco_Goya\Francisco_Goya_264.jpg,Francisco_Goya
data/images\Francisco_Goya\Francisco_Goya_275.jpg,Francisco_Goya
data/images\Francisco_Goya\Francisco_Goya_245.jpg,Francisco_Goya
data/images\Francisco_Goya\Francisco_Goya_236.jpg,Francisco_Goya
data/images\Francisco_Goya\Francisco_Goya_140.jpg,Francisco_Goya
data/images\Francisco_Goya\Francisco_Goya_262.jpg,Francisco_Goya
data/images\Francisco_Goya\Francisco_Goya_174.jpg,Francisco_Goya
data/images\Francisco_Goya\Francisco_Goya_54.jpg,Francisco_Goya
data/images\Francisco_Goya\Francisco_Goya_12.jpg,Francisco_Goya
data/images\Francisco_Goya\Francisco_Goya_99.jpg,Francisco_Goya
data/images\Francisco_Goya\Francisco_Goya_249.jpg,Francisco_Goya
data/images\Francisco_Goya\Francisco_Goya_290.jpg,Francisco_Goya
data/images\Francisco_Goya\Francisco_Goya_150.jpg,Francisco_Goya
data/images\Francisco_Goya\Francisco_Goya_133.jpg,Francisco_Goya
data/images\Francisco_Goya\Francisco_Goya_208.jpg,Francisco_Goya
data/images\Francisco_Goya\Francisco_Goya_287.jpg,Francisco_Goya
data/images\Henri_Matisse\Henri_Matisse_122.jpg,Henri_Matisse
data/images\Henri_Matisse\Henri_Matisse_62.jpg,Henri_Matisse
data/images\Henri_Matisse\Henri_Matisse_16.jpg,Henri_Matisse
data/images\Henri_Matisse\Henri_Matisse_143.jpg,Henri_Matisse
data/images\Henri_Matisse\Henri_Matisse_52.jpg,Henri_Matisse
data/images\Henri_Matisse\Henri_Matisse_88.jpg,Henri_Matisse
data/images\Henri_Matisse\Henri_Matisse_40.jpg,Henri_Matisse
data/images\Henri_Matisse\Henri_Matisse_102.jpg,Henri_Matisse
data/images\Henri_Matisse\Henri_Matisse_158.jpg,Henri_Matisse
data/images\Henri_Matisse\Henri_Matisse_150.jpg,Henri_Matisse
data/images\Henri_Matisse\Henri_Matisse_20.jpg,Henri_Matisse
data/images\Henri_Matisse\Henri_Matisse_21.jpg,Henri_Matisse
data/images\Henri_Matisse\Henri_Matisse_75.jpg,Henri_Matisse
data/images\Henri_Matisse\Henri_Matisse_144.jpg,Henri_Matisse
data/images\Henri_Matisse\Henri_Matisse_11.jpg,Henri_Matisse
data/images\Henri_Matisse\Henri_Matisse_97.jpg,Henri_Matisse
data/images\Henri_Matisse\Henri_Matisse_149.jpg,Henri_Matisse
data/images\Henri_Matisse\Henri_Matisse_59.jpg,Henri_Matisse
data/images\Henri_Matisse\Henri_Matisse_164.jpg,Henri_Matisse
data/images\Henri_Matisse\Henri_Matisse_165.jpg,Henri_Matisse
data/images\Henri_Matisse\Henri_Matisse_178.jpg,Henri_Matisse
data/images\Henri_Matisse\Henri_Matisse_129.jpg,Henri_Matisse
data/images\Henri_Matisse\Henri_Matisse_44.jpg,Henri_Matisse
data/images\Henri_Matisse\Henri_Matisse_64.jpg,Henri_Matisse
data/images\Henri_Matisse\Henri_Matisse_130.jpg,Henri_Matisse
data/images\Henri_Matisse\Henri_Matisse_147.jpg,Henri_Matisse
data/images\Henri_Matisse\Henri_Matisse_17.jpg,Henri_Matisse
data/images\Henri_Matisse\Henri_Matisse_24.jpg,Henri_Matisse
data/images\Henri_Matisse\Henri_Matisse_105.jpg,Henri_Matisse
data/images\Henri_Matisse\Henri_Matisse_72.jpg,Henri_Matisse
data/images\Henri_Matisse\Henri_Matisse_14.jpg,Henri_Matisse
data/images\Henri_Matisse\Henri_Matisse_117.jpg,Henri_Matisse
data/images\Henri_Matisse\Henri_Matisse_91.jpg,Henri_Matisse
data/images\Henri_Matisse\Henri_Matisse_51.jpg,Henri_Matisse
data/images\Henri_Matisse\Henri_Matisse_163.jpg,Henri_Matisse
data/images\Henri_Matisse\Henri_Matisse_109.jpg,Henri_Matisse
data/images\Henri_Matisse\Henri_Matisse_77.jpg,Henri_Matisse
data/images\Henri_Matisse\Henri_Matisse_67.jpg,Henri_Matisse
data/images\Henri_Matisse\Henri_Matisse_83.jpg,Henri_Matisse
data/images\Henri_Matisse\Henri_Matisse_185.jpg,Henri_Matisse
data/images\Henri_Matisse\Henri_Matisse_159.jpg,Henri_Matisse
data/images\Henri_Matisse\Henri_Matisse_98.jpg,Henri_Matisse
data/images\Henri_Matisse\Henri_Matisse_125.jpg,Henri_Matisse
data/images\Henri_Matisse\Henri_Matisse_27.jpg,Henri_Matisse
data/images\Henri_Matisse\Henri_Matisse_65.jpg,Henri_Matisse
data/images\Henri_Matisse\Henri_Matisse_7.jpg,Henri_Matisse
data/images\Henri_Matisse\Henri_Matisse_120.jpg,Henri_Matisse
data/images\Henri_Matisse\Henri_Matisse_36.jpg,Henri_Matisse
data/images\Henri_Matisse\Henri_Matisse_133.jpg,Henri_Matisse
data/images\Henri_Matisse\Henri_Matisse_90.jpg,Henri_Matisse
data/images\Henri_Matisse\Henri_Matisse_68.jpg,Henri_Matisse
data/images\Henri_Matisse\Henri_Matisse_186.jpg,Henri_Matisse
data/images\Henri_Matisse\Henri_Matisse_69.jpg,Henri_Matisse
data/images\Henri_Matisse\Henri_Matisse_138.jpg,Henri_Matisse
data/images\Henri_Matisse\Henri_Matisse_131.jpg,Henri_Matisse
data/images\Henri_Matisse\Henri_Matisse_38.jpg,Henri_Matisse
data/images\Henri_Matisse\Henri_Matisse_103.jpg,Henri_Matisse
data/images\Henri_Matisse\Henri_Matisse_180.jpg,Henri_Matisse
data/images\Henri_Matisse\Henri_Matisse_128.jpg,Henri_Matisse
data/images\Henri_Matisse\Henri_Matisse_39.jpg,Henri_Matisse
data/images\Henri_Matisse\Henri_Matisse_60.jpg,Henri_Matisse
data/images\Henri_Matisse\Henri_Matisse_108.jpg,Henri_Matisse
data/images\Henri_Matisse\Henri_Matisse_99.jpg,Henri_Matisse
data/images\Henri_Matisse\Henri_Matisse_82.jpg,Henri_Matisse
data/images\Henri_Matisse\Henri_Matisse_182.jpg,Henri_Matisse
data/images\Henri_Matisse\Henri_Matisse_94.jpg,Henri_Matisse
data/images\Henri_Matisse\Henri_Matisse_93.jpg,Henri_Matisse
data/images\Henri_Matisse\Henri_Matisse_140.jpg,Henri_Matisse
data/images\Henri_Matisse\Henri_Matisse_61.jpg,Henri_Matisse
data/images\Henri_Matisse\Henri_Matisse_13.jpg,Henri_Matisse
data/images\Henri_Matisse\Henri_Matisse_119.jpg,Henri_Matisse
data/images\Henri_Matisse\Henri_Matisse_89.jpg,Henri_Matisse
data/images\Henri_Matisse\Henri_Matisse_135.jpg,Henri_Matisse
data/images\Henri_Matisse\Henri_Matisse_56.jpg,Henri_Matisse
data/images\Henri_Matisse\Henri_Matisse_127.jpg,Henri_Matisse
data/images\Henri_Matisse\Henri_Matisse_47.jpg,Henri_Matisse
data/images\Henri_Matisse\Henri_Matisse_113.jpg,Henri_Matisse
data/images\Henri_Matisse\Henri_Matisse_137.jpg,Henri_Matisse
data/images\Henri_Matisse\Henri_Matisse_181.jpg,Henri_Matisse
data/images\Henri_Matisse\Henri_Matisse_170.jpg,Henri_Matisse
data/images\Henri_Matisse\Henri_Matisse_3.jpg,Henri_Matisse
data/images\Henri_Matisse\Henri_Matisse_22.jpg,Henri_Matisse
data/images\Henri_Matisse\Henri_Matisse_174.jpg,Henri_Matisse
data/images\Henri_Matisse\Henri_Matisse_169.jpg,Henri_Matisse
data/images\Henri_Matisse\Henri_Matisse_12.jpg,Henri_Matisse
data/images\Henri_Matisse\Henri_Matisse_132.jpg,Henri_Matisse
data/images\Henri_Matisse\Henri_Matisse_155.jpg,Henri_Matisse
data/images\Henri_Matisse\Henri_Matisse_100.jpg,Henri_Matisse
data/images\Henri_Matisse\Henri_Matisse_34.jpg,Henri_Matisse
data/images\Henri_Matisse\Henri_Matisse_157.jpg,Henri_Matisse
data/images\Henri_Matisse\Henri_Matisse_183.jpg,Henri_Matisse
data/images\Henri_Matisse\Henri_Matisse_154.jpg,Henri_Matisse
data/images\Henri_Matisse\Henri_Matisse_145.jpg,Henri_Matisse
data/images\Henri_Matisse\Henri_Matisse_151.jpg,Henri_Matisse
data/images\Henri_Matisse\Henri_Matisse_95.jpg,Henri_Matisse
data/images\Henri_Matisse\Henri_Matisse_141.jpg,Henri_Matisse
data/images\Henri_Matisse\Henri_Matisse_50.jpg,Henri_Matisse
data/images\Henri_Matisse\Henri_Matisse_84.jpg,Henri_Matisse
data/images\Henri_Matisse\Henri_Matisse_5.jpg,Henri_Matisse
data/images\Henri_Matisse\Henri_Matisse_110.jpg,Henri_Matisse
data/images\Henri_Matisse\Henri_Matisse_70.jpg,Henri_Matisse
data/images\Henri_Matisse\Henri_Matisse_4.jpg,Henri_Matisse
data/images\Henri_Matisse\Henri_Matisse_126.jpg,Henri_Matisse
data/images\Henri_Matisse\Henri_Matisse_152.jpg,Henri_Matisse
data/images\Henri_Matisse\Henri_Matisse_46.jpg,Henri_Matisse
data/images\Henri_Matisse\Henri_Matisse_2.jpg,Henri_Matisse
data/images\Henri_Matisse\Henri_Matisse_81.jpg,Henri_Matisse
data/images\Henri_Matisse\Henri_Matisse_87.jpg,Henri_Matisse
data/images\Henri_Matisse\Henri_Matisse_78.jpg,Henri_Matisse
data/images\Henri_Matisse\Henri_Matisse_173.jpg,Henri_Matisse
data/images\Henri_Matisse\Henri_Matisse_71.jpg,Henri_Matisse
data/images\Henri_Matisse\Henri_Matisse_85.jpg,Henri_Matisse
data/images\Henri_Matisse\Henri_Matisse_1.jpg,Henri_Matisse
data/images\Henri_Matisse\Henri_Matisse_63.jpg,Henri_Matisse
data/images\Henri_Matisse\Henri_Matisse_123.jpg,Henri_Matisse
data/images\Henri_Matisse\Henri_Matisse_76.jpg,Henri_Matisse
data/images\Henri_Matisse\Henri_Matisse_166.jpg,Henri_Matisse
data/images\Henri_Matisse\Henri_Matisse_6.jpg,Henri_Matisse
data/images\Henri_Matisse\Henri_Matisse_18.jpg,Henri_Matisse
data/images\Henri_Matisse\Henri_Matisse_162.jpg,Henri_Matisse
data/images\Henri_Matisse\Henri_Matisse_33.jpg,Henri_Matisse
data/images\Henri_Matisse\Henri_Matisse_15.jpg,Henri_Matisse
data/images\Henri_Matisse\Henri_Matisse_30.jpg,Henri_Matisse
data/images\Henri_Matisse\Henri_Matisse_175.jpg,Henri_Matisse
data/images\Henri_Matisse\Henri_Matisse_55.jpg,Henri_Matisse
data/images\Henri_Matisse\Henri_Matisse_25.jpg,Henri_Matisse
data/images\Henri_Matisse\Henri_Matisse_10.jpg,Henri_Matisse
data/images\Marc_Chagall\Marc_Chagall_198.jpg,Marc_Chagall
data/images\Marc_Chagall\Marc_Chagall_82.jpg,Marc_Chagall
data/images\Marc_Chagall\Marc_Chagall_232.jpg,Marc_Chagall
data/images\Marc_Chagall\Marc_Chagall_224.jpg,Marc_Chagall
data/images\Marc_Chagall\Marc_Chagall_147.jpg,Marc_Chagall
data/images\Marc_Chagall\Marc_Chagall_34.jpg,Marc_Chagall
data/images\Marc_Chagall\Marc_Chagall_43.jpg,Marc_Chagall
data/images\Marc_Chagall\Marc_Chagall_195.jpg,Marc_Chagall
data/images\Marc_Chagall\Marc_Chagall_226.jpg,Marc_Chagall
data/images\Marc_Chagall\Marc_Chagall_52.jpg,Marc_Chagall
data/images\Marc_Chagall\Marc_Chagall_10.jpg,Marc_Chagall
data/images\Marc_Chagall\Marc_Chagall_105.jpg,Marc_Chagall
data/images\Marc_Chagall\Marc_Chagall_213.jpg,Marc_Chagall
data/images\Marc_Chagall\Marc_Chagall_208.jpg,Marc_Chagall
data/images\Marc_Chagall\Marc_Chagall_51.jpg,Marc_Chagall
data/images\Marc_Chagall\Marc_Chagall_83.jpg,Marc_Chagall
data/images\Marc_Chagall\Marc_Chagall_171.jpg,Marc_Chagall
data/images\Marc_Chagall\Marc_Chagall_32.jpg,Marc_Chagall
data/images\Marc_Chagall\Marc_Chagall_181.jpg,Marc_Chagall
data/images\Marc_Chagall\Marc_Chagall_164.jpg,Marc_Chagall
data/images\Marc_Chagall\Marc_Chagall_189.jpg,Marc_Chagall
data/images\Marc_Chagall\Marc_Chagall_158.jpg,Marc_Chagall
data/images\Marc_Chagall\Marc_Chagall_88.jpg,Marc_Chagall
data/images\Marc_Chagall\Marc_Chagall_75.jpg,Marc_Chagall
data/images\Marc_Chagall\Marc_Chagall_203.jpg,Marc_Chagall
data/images\Marc_Chagall\Marc_Chagall_31.jpg,Marc_Chagall
data/images\Marc_Chagall\Marc_Chagall_205.jpg,Marc_Chagall
data/images\Marc_Chagall\Marc_Chagall_84.jpg,Marc_Chagall
data/images\Marc_Chagall\Marc_Chagall_234.jpg,Marc_Chagall
data/images\Marc_Chagall\Marc_Chagall_185.jpg,Marc_Chagall
data/images\Marc_Chagall\Marc_Chagall_156.jpg,Marc_Chagall
data/images\Marc_Chagall\Marc_Chagall_9.jpg,Marc_Chagall
data/images\Marc_Chagall\Marc_Chagall_200.jpg,Marc_Chagall
data/images\Marc_Chagall\Marc_Chagall_91.jpg,Marc_Chagall
data/images\Marc_Chagall\Marc_Chagall_193.jpg,Marc_Chagall
data/images\Marc_Chagall\Marc_Chagall_7.jpg,Marc_Chagall
data/images\Marc_Chagall\Marc_Chagall_3.jpg,Marc_Chagall
data/images\Marc_Chagall\Marc_Chagall_59.jpg,Marc_Chagall
data/images\Marc_Chagall\Marc_Chagall_12.jpg,Marc_Chagall
data/images\Marc_Chagall\Marc_Chagall_71.jpg,Marc_Chagall
data/images\Marc_Chagall\Marc_Chagall_111.jpg,Marc_Chagall
data/images\Marc_Chagall\Marc_Chagall_100.jpg,Marc_Chagall
data/images\Marc_Chagall\Marc_Chagall_72.jpg,Marc_Chagall
data/images\Marc_Chagall\Marc_Chagall_50.jpg,Marc_Chagall
data/images\Marc_Chagall\Marc_Chagall_154.jpg,Marc_Chagall
data/images\Marc_Chagall\Marc_Chagall_29.jpg,Marc_Chagall
data/images\Marc_Chagall\Marc_Chagall_125.jpg,Marc_Chagall
data/images\Marc_Chagall\Marc_Chagall_128.jpg,Marc_Chagall
data/images\Marc_Chagall\Marc_Chagall_67.jpg,Marc_Chagall
data/images\Marc_Chagall\Marc_Chagall_38.jpg,Marc_Chagall
data/images\Marc_Chagall\Marc_Chagall_151.jpg,Marc_Chagall
data/images\Marc_Chagall\Marc_Chagall_119.jpg,Marc_Chagall
data/images\Marc_Chagall\Marc_Chagall_166.jpg,Marc_Chagall
data/images\Marc_Chagall\Marc_Chagall_145.jpg,Marc_Chagall
data/images\Marc_Chagall\Marc_Chagall_5.jpg,Marc_Chagall
data/images\Marc_Chagall\Marc_Chagall_120.jpg,Marc_Chagall
data/images\Marc_Chagall\Marc_Chagall_96.jpg,Marc_Chagall
data/images\Marc_Chagall\Marc_Chagall_85.jpg,Marc_Chagall
data/images\Marc_Chagall\Marc_Chagall_192.jpg,Marc_Chagall
data/images\Marc_Chagall\Marc_Chagall_227.jpg,Marc_Chagall
data/images\Marc_Chagall\Marc_Chagall_157.jpg,Marc_Chagall
data/images\Marc_Chagall\Marc_Chagall_144.jpg,Marc_Chagall
data/images\Marc_Chagall\Marc_Chagall_129.jpg,Marc_Chagall
data/images\Marc_Chagall\Marc_Chagall_60.jpg,Marc_Chagall
data/images\Marc_Chagall\Marc_Chagall_217.jpg,Marc_Chagall
data/images\Marc_Chagall\Marc_Chagall_177.jpg,Marc_Chagall
data/images\Marc_Chagall\Marc_Chagall_194.jpg,Marc_Chagall
data/images\Marc_Chagall\Marc_Chagall_106.jpg,Marc_Chagall
data/images\Marc_Chagall\Marc_Chagall_21.jpg,Marc_Chagall
data/images\Marc_Chagall\Marc_Chagall_167.jpg,Marc_Chagall
data/images\Marc_Chagall\Marc_Chagall_35.jpg,Marc_Chagall
data/images\Marc_Chagall\Marc_Chagall_204.jpg,Marc_Chagall
data/images\Marc_Chagall\Marc_Chagall_48.jpg,Marc_Chagall
data/images\Marc_Chagall\Marc_Chagall_78.jpg,Marc_Chagall
data/images\Marc_Chagall\Marc_Chagall_99.jpg,Marc_Chagall
data/images\Marc_Chagall\Marc_Chagall_137.jpg,Marc_Chagall
data/images\Marc_Chagall\Marc_Chagall_155.jpg,Marc_Chagall
data/images\Marc_Chagall\Marc_Chagall_98.jpg,Marc_Chagall
data/images\Marc_Chagall\Marc_Chagall_73.jpg,Marc_Chagall
data/images\Marc_Chagall\Marc_Chagall_210.jpg,Marc_Chagall
data/images\Marc_Chagall\Marc_Chagall_89.jpg,Marc_Chagall
data/images\Marc_Chagall\Marc_Chagall_222.jpg,Marc_Chagall
data/images\Marc_Chagall\Marc_Chagall_103.jpg,Marc_Chagall
data/images\Marc_Chagall\Marc_Chagall_61.jpg,Marc_Chagall
data/images\Marc_Chagall\Marc_Chagall_25.jpg,Marc_Chagall
data/images\Marc_Chagall\Marc_Chagall_218.jpg,Marc_Chagall
data/images\Marc_Chagall\Marc_Chagall_37.jpg,Marc_Chagall
data/images\Marc_Chagall\Marc_Chagall_220.jpg,Marc_Chagall
data/images\Marc_Chagall\Marc_Chagall_139.jpg,Marc_Chagall
data/images\Marc_Chagall\Marc_Chagall_49.jpg,Marc_Chagall
data/images\Marc_Chagall\Marc_Chagall_124.jpg,Marc_Chagall
data/images\Marc_Chagall\Marc_Chagall_79.jpg,Marc_Chagall
data/images\Marc_Chagall\Marc_Chagall_116.jpg,Marc_Chagall
data/images\Marc_Chagall\Marc_Chagall_196.jpg,Marc_Chagall
data/images\Marc_Chagall\Marc_Chagall_18.jpg,Marc_Chagall
data/images\Marc_Chagall\Marc_Chagall_211.jpg,Marc_Chagall
data/images\Marc_Chagall\Marc_Chagall_184.jpg,Marc_Chagall
data/images\Marc_Chagall\Marc_Chagall_219.jpg,Marc_Chagall
data/images\Marc_Chagall\Marc_Chagall_173.jpg,Marc_Chagall
data/images\Marc_Chagall\Marc_Chagall_150.jpg,Marc_Chagall
data/images\Marc_Chagall\Marc_Chagall_20.jpg,Marc_Chagall
data/images\Marc_Chagall\Marc_Chagall_95.jpg,Marc_Chagall
data/images\Marc_Chagall\Marc_Chagall_86.jpg,Marc_Chagall
data/images\Marc_Chagall\Marc_Chagall_47.jpg,Marc_Chagall
data/images\Marc_Chagall\Marc_Chagall_4.jpg,Marc_Chagall
data/images\Marc_Chagall\Marc_Chagall_178.jpg,Marc_Chagall
data/images\Marc_Chagall\Marc_Chagall_239.jpg,Marc_Chagall
data/images\Marc_Chagall\Marc_Chagall_238.jpg,Marc_Chagall
data/images\Marc_Chagall\Marc_Chagall_30.jpg,Marc_Chagall
data/images\Marc_Chagall\Marc_Chagall_58.jpg,Marc_Chagall
data/images\Marc_Chagall\Marc_Chagall_209.jpg,Marc_Chagall
data/images\Marc_Chagall\Marc_Chagall_102.jpg,Marc_Chagall
data/images\Marc_Chagall\Marc_Chagall_65.jpg,Marc_Chagall
data/images\Marc_Chagall\Marc_Chagall_141.jpg,Marc_Chagall
data/images\Marc_Chagall\Marc_Chagall_81.jpg,Marc_Chagall
data/images\Marc_Chagall\Marc_Chagall_138.jpg,Marc_Chagall
data/images\Marc_Chagall\Marc_Chagall_17.jpg,Marc_Chagall
data/images\Marc_Chagall\Marc_Chagall_114.jpg,Marc_Chagall
data/images\Marc_Chagall\Marc_Chagall_215.jpg,Marc_Chagall
data/images\Marc_Chagall\Marc_Chagall_27.jpg,Marc_Chagall
data/images\Marc_Chagall\Marc_Chagall_41.jpg,Marc_Chagall
data/images\Marc_Chagall\Marc_Chagall_236.jpg,Marc_Chagall
data/images\Marc_Chagall\Marc_Chagall_149.jpg,Marc_Chagall
data/images\Marc_Chagall\Marc_Chagall_190.jpg,Marc_Chagall
data/images\Marc_Chagall\Marc_Chagall_11.jpg,Marc_Chagall
data/images\Marc_Chagall\Marc_Chagall_207.jpg,Marc_Chagall
data/images\Marc_Chagall\Marc_Chagall_104.jpg,Marc_Chagall
data/images\Pablo_Picasso\Pablo_Picasso_83.jpg,Pablo_Picasso
data/images\Pablo_Picasso\Pablo_Picasso_213.jpg,Pablo_Picasso
data/images\Pablo_Picasso\Pablo_Picasso_122.jpg,Pablo_Picasso
data/images\Pablo_Picasso\Pablo_Picasso_260.jpg,Pablo_Picasso
data/images\Pablo_Picasso\Pablo_Picasso_434.jpg,Pablo_Picasso
data/images\Pablo_Picasso\Pablo_Picasso_120.jpg,Pablo_Picasso
data/images\Pablo_Picasso\Pablo_Picasso_200.jpg,Pablo_Picasso
data/images\Pablo_Picasso\Pablo_Picasso_215.jpg,Pablo_Picasso
data/images\Pablo_Picasso\Pablo_Picasso_276.jpg,Pablo_Picasso
data/images\Pablo_Picasso\Pablo_Picasso_39.jpg,Pablo_Picasso
data/images\Pablo_Picasso\Pablo_Picasso_227.jpg,Pablo_Picasso
data/images\Pablo_Picasso\Pablo_Picasso_291.jpg,Pablo_Picasso
data/images\Pablo_Picasso\Pablo_Picasso_140.jpg,Pablo_Picasso
data/images\Pablo_Picasso\Pablo_Picasso_361.jpg,Pablo_Picasso
data/images\Pablo_Picasso\Pablo_Picasso_376.jpg,Pablo_Picasso
data/images\Pablo_Picasso\Pablo_Picasso_274.jpg,Pablo_Picasso
data/images\Pablo_Picasso\Pablo_Picasso_170.jpg,Pablo_Picasso
data/images\Pablo_Picasso\Pablo_Picasso_267.jpg,Pablo_Picasso
data/images\Pablo_Picasso\Pablo_Picasso_84.jpg,Pablo_Picasso
data/images\Pablo_Picasso\Pablo_Picasso_259.jpg,Pablo_Picasso
data/images\Pablo_Picasso\Pablo_Picasso_198.jpg,Pablo_Picasso
data/images\Pablo_Picasso\Pablo_Picasso_93.jpg,Pablo_Picasso
data/images\Pablo_Picasso\Pablo_Picasso_346.jpg,Pablo_Picasso
data/images\Pablo_Picasso\Pablo_Picasso_331.jpg,Pablo_Picasso
data/images\Pablo_Picasso\Pablo_Picasso_422.jpg,Pablo_Picasso
data/images\Pablo_Picasso\Pablo_Picasso_398.jpg,Pablo_Picasso
data/images\Pablo_Picasso\Pablo_Picasso_186.jpg,Pablo_Picasso
data/images\Pablo_Picasso\Pablo_Picasso_131.jpg,Pablo_Picasso
data/images\Pablo_Picasso\Pablo_Picasso_371.jpg,Pablo_Picasso
data/images\Pablo_Picasso\Pablo_Picasso_96.jpg,Pablo_Picasso
data/images\Pablo_Picasso\Pablo_Picasso_98.jpg,Pablo_Picasso
data/images\Pablo_Picasso\Pablo_Picasso_62.jpg,Pablo_Picasso
data/images\Pablo_Picasso\Pablo_Picasso_222.jpg,Pablo_Picasso
data/images\Pablo_Picasso\Pablo_Picasso_78.jpg,Pablo_Picasso
data/images\Pablo_Picasso\Pablo_Picasso_224.jpg,Pablo_Picasso
data/images\Pablo_Picasso\Pablo_Picasso_417.jpg,Pablo_Picasso
data/images\Pablo_Picasso\Pablo_Picasso_209.jpg,Pablo_Picasso
data/images\Pablo_Picasso\Pablo_Picasso_419.jpg,Pablo_Picasso
data/images\Pablo_Picasso\Pablo_Picasso_162.jpg,Pablo_Picasso
data/images\Pablo_Picasso\Pablo_Picasso_57.jpg,Pablo_Picasso
data/images\Pablo_Picasso\Pablo_Picasso_63.jpg,Pablo_Picasso
data/images\Pablo_Picasso\Pablo_Picasso_355.jpg,Pablo_Picasso
data/images\Pablo_Picasso\Pablo_Picasso_184.jpg,Pablo_Picasso
data/images\Pablo_Picasso\Pablo_Picasso_296.jpg,Pablo_Picasso
data/images\Pablo_Picasso\Pablo_Picasso_204.jpg,Pablo_Picasso
data/images\Pablo_Picasso\Pablo_Picasso_412.jpg,Pablo_Picasso
data/images\Pablo_Picasso\Pablo_Picasso_42.jpg,Pablo_Picasso
data/images\Pablo_Picasso\Pablo_Picasso_275.jpg,Pablo_Picasso
data/images\Pablo_Picasso\Pablo_Picasso_382.jpg,Pablo_Picasso
data/images\Pablo_Picasso\Pablo_Picasso_197.jpg,Pablo_Picasso
data/images\Pablo_Picasso\Pablo_Picasso_351.jpg,Pablo_Picasso
data/images\Pablo_Picasso\Pablo_Picasso_270.jpg,Pablo_Picasso
data/images\Pablo_Picasso\Pablo_Picasso_44.jpg,Pablo_Picasso
data/images\Pablo_Picasso\Pablo_Picasso_161.jpg,Pablo_Picasso
data/images\Pablo_Picasso\Pablo_Picasso_92.jpg,Pablo_Picasso
data/images\Pablo_Picasso\Pablo_Picasso_194.jpg,Pablo_Picasso
data/images\Pablo_Picasso\Pablo_Picasso_279.jpg,Pablo_Picasso
data/images\Pablo_Picasso\Pablo_Picasso_251.jpg,Pablo_Picasso
data/images\Pablo_Picasso\Pablo_Picasso_22.jpg,Pablo_Picasso
data/images\Pablo_Picasso\Pablo_Picasso_144.jpg,Pablo_Picasso
data/images\Pablo_Picasso\Pablo_Picasso_242.jpg,Pablo_Picasso
data/images\Pablo_Picasso\Pablo_Picasso_175.jpg,Pablo_Picasso
data/images\Pablo_Picasso\Pablo_Picasso_2.jpg,Pablo_Picasso
data/images\Pablo_Picasso\Pablo_Picasso_386.jpg,Pablo_Picasso
data/images\Pablo_Picasso\Pablo_Picasso_103.jpg,Pablo_Picasso
data/images\Pablo_Picasso\Pablo_Picasso_341.jpg,Pablo_Picasso
data/images\Pablo_Picasso\Pablo_Picasso_332.jpg,Pablo_Picasso
data/images\Pablo_Picasso\Pablo_Picasso_393.jpg,Pablo_Picasso
data/images\Pablo_Picasso\Pablo_Picasso_349.jpg,Pablo_Picasso
data/images\Pablo_Picasso\Pablo_Picasso_181.jpg,Pablo_Picasso
data/images\Pablo_Picasso\Pablo_Picasso_234.jpg,Pablo_Picasso
data/images\Pablo_Picasso\Pablo_Picasso_321.jpg,Pablo_Picasso
data/images\Pablo_Picasso\Pablo_Picasso_168.jpg,Pablo_Picasso
data/images\Pablo_Picasso\Pablo_Picasso_344.jpg,Pablo_Picasso
data/images\Pablo_Picasso\Pablo_Picasso_394.jpg,Pablo_Picasso
data/images\Pablo_Picasso\Pablo_Picasso_27.jpg,Pablo_Picasso
data/images\Pablo_Picasso\Pablo_Picasso_317.jpg,Pablo_Picasso
data/images\Pablo_Picasso\Pablo_Picasso_113.jpg,Pablo_Picasso
data/images\Pablo_Picasso\Pablo_Picasso_239.jpg,Pablo_Picasso
data/images\Pablo_Picasso\Pablo_Picasso_24.jpg,Pablo_Picasso
data/images\Pablo_Picasso\Pablo_Picasso_354.jpg,Pablo_Picasso
data/images\Pablo_Picasso\Pablo_Picasso_217.jpg,Pablo_Picasso
data/images\Pablo_Picasso\Pablo_Picasso_18.jpg,Pablo_Picasso
data/images\Pablo_Picasso\Pablo_Picasso_283.jpg,Pablo_Picasso
data/images\Pablo_Picasso\Pablo_Picasso_173.jpg,Pablo_Picasso
data/images\Pablo_Picasso\Pablo_Picasso_300.jpg,Pablo_Picasso
data/images\Pablo_Picasso\Pablo_Picasso_177.jpg,Pablo_Picasso
data/images\Pablo_Picasso\Pablo_Picasso_192.jpg,Pablo_Picasso
data/images\Pablo_Picasso\Pablo_Picasso_49.jpg,Pablo_Picasso
data/images\Pablo_Picasso\Pablo_Picasso_127.jpg,Pablo_Picasso
data/images\Pablo_Picasso\Pablo_Picasso_95.jpg,Pablo_Picasso
data/images\Pablo_Picasso\Pablo_Picasso_47.jpg,Pablo_Picasso
data/images\Pablo_Picasso\Pablo_Picasso_19.jpg,Pablo_Picasso
data/images\Pablo_Picasso\Pablo_Picasso_14.jpg,Pablo_Picasso
data/images\Pablo_Picasso\Pablo_Picasso_169.jpg,Pablo_Picasso
data/images\Pablo_Picasso\Pablo_Picasso_115.jpg,Pablo_Picasso
data/images\Pablo_Picasso\Pablo_Picasso_309.jpg,Pablo_Picasso
data/images\Pablo_Picasso\Pablo_Picasso_392.jpg,Pablo_Picasso
data/images\Pablo_Picasso\Pablo_Picasso_247.jpg,Pablo_Picasso
data/images\Pablo_Picasso\Pablo_Picasso_286.jpg,Pablo_Picasso
data/images\Pablo_Picasso\Pablo_Picasso_183.jpg,Pablo_Picasso
data/images\Pablo_Picasso\Pablo_Picasso_88.jpg,Pablo_Picasso
data/images\Pablo_Picasso\Pablo_Picasso_388.jpg,Pablo_Picasso
data/images\Pablo_Picasso\Pablo_Picasso_172.jpg,Pablo_Picasso
data/images\Pablo_Picasso\Pablo_Picasso_43.jpg,Pablo_Picasso
data/images\Pablo_Picasso\Pablo_Picasso_399.jpg,Pablo_Picasso
data/images\Pablo_Picasso\Pablo_Picasso_229.jpg,Pablo_Picasso
data/images\Pablo_Picasso\Pablo_Picasso_409.jpg,Pablo_Picasso
data/images\Pablo_Picasso\Pablo_Picasso_203.jpg,Pablo_Picasso
data/images\Pablo_Picasso\Pablo_Picasso_308.jpg,Pablo_Picasso
data/images\Pablo_Picasso\Pablo_Picasso_420.jpg,Pablo_Picasso
data/images\Pablo_Picasso\Pablo_Picasso_289.jpg,Pablo_Picasso
data/images\Pablo_Picasso\Pablo_Picasso_123.jpg,Pablo_Picasso
data/images\Pablo_Picasso\Pablo_Picasso_241.jpg,Pablo_Picasso
data/images\Pablo_Picasso\Pablo_Picasso_365.jpg,Pablo_Picasso
data/images\Pablo_Picasso\Pablo_Picasso_130.jpg,Pablo_Picasso
data/images\Pablo_Picasso\Pablo_Picasso_180.jpg,Pablo_Picasso
data/images\Pablo_Picasso\Pablo_Picasso_390.jpg,Pablo_Picasso
data/images\Pablo_Picasso\Pablo_Picasso_418.jpg,Pablo_Picasso
data/images\Pablo_Picasso\Pablo_Picasso_303.jpg,Pablo_Picasso
data/images\Pablo_Picasso\Pablo_Picasso_71.jpg,Pablo_Picasso
data/images\Pablo_Picasso\Pablo_Picasso_45.jpg,Pablo_Picasso
data/images\Pablo_Picasso\Pablo_Picasso_60.jpg,Pablo_Picasso
data/images\Pablo_Picasso\Pablo_Picasso_155.jpg,Pablo_Picasso
data/images\Pablo_Picasso\Pablo_Picasso_154.jpg,Pablo_Picasso
data/images\Pablo_Picasso\Pablo_Picasso_146.jpg,Pablo_Picasso
data/images\Pablo_Picasso\Pablo_Picasso_77.jpg,Pablo_Picasso
data/images\Paul_Gauguin\Paul_Gauguin_262.jpg,Paul_Gauguin
data/images\Paul_Gauguin\Paul_Gauguin_5.jpg,Paul_Gauguin
data/images\Paul_Gauguin\Paul_Gauguin_224.jpg,Paul_Gauguin
data/images\Paul_Gauguin\Paul_Gauguin_175.jpg,Paul_Gauguin
data/images\Paul_Gauguin\Paul_Gauguin_100.jpg,Paul_Gauguin
data/images\Paul_Gauguin\Paul_Gauguin_150.jpg,Paul_Gauguin
data/images\Paul_Gauguin\Paul_Gauguin_243.jpg,Paul_Gauguin
data/images\Paul_Gauguin\Paul_Gauguin_74.jpg,Paul_Gauguin
data/images\Paul_Gauguin\Paul_Gauguin_282.jpg,Paul_Gauguin
data/images\Paul_Gauguin\Paul_Gauguin_45.jpg,Paul_Gauguin
data/images\Paul_Gauguin\Paul_Gauguin_279.jpg,Paul_Gauguin
data/images\Paul_Gauguin\Paul_Gauguin_151.jpg,Paul_Gauguin
data/images\Paul_Gauguin\Paul_Gauguin_187.jpg,Paul_Gauguin
data/images\Paul_Gauguin\Paul_Gauguin_258.jpg,Paul_Gauguin
data/images\Paul_Gauguin\Paul_Gauguin_157.jpg,Paul_Gauguin
data/images\Paul_Gauguin\Paul_Gauguin_73.jpg,Paul_Gauguin
data/images\Paul_Gauguin\Paul_Gauguin_310.jpg,Paul_Gauguin
data/images\Paul_Gauguin\Paul_Gauguin_131.jpg,Paul_Gauguin
data/images\Paul_Gauguin\Paul_Gauguin_8.jpg,Paul_Gauguin
data/images\Paul_Gauguin\Paul_Gauguin_70.jpg,Paul_Gauguin
data/images\Paul_Gauguin\Paul_Gauguin_219.jpg,Paul_Gauguin
data/images\Paul_Gauguin\Paul_Gauguin_41.jpg,Paul_Gauguin
data/images\Paul_Gauguin\Paul_Gauguin_127.jpg,Paul_Gauguin
data/images\Paul_Gauguin\Paul_Gauguin_64.jpg,Paul_Gauguin
data/images\Paul_Gauguin\Paul_Gauguin_51.jpg,Paul_Gauguin
data/images\Paul_Gauguin\Paul_Gauguin_109.jpg,Paul_Gauguin
data/images\Paul_Gauguin\Paul_Gauguin_227.jpg,Paul_Gauguin
data/images\Paul_Gauguin\Paul_Gauguin_292.jpg,Paul_Gauguin
data/images\Paul_Gauguin\Paul_Gauguin_92.jpg,Paul_Gauguin
data/images\Paul_Gauguin\Paul_Gauguin_201.jpg,Paul_Gauguin
data/images\Paul_Gauguin\Paul_Gauguin_164.jpg,Paul_Gauguin
data/images\Paul_Gauguin\Paul_Gauguin_238.jpg,Paul_Gauguin
data/images\Paul_Gauguin\Paul_Gauguin_249.jpg,Paul_Gauguin
data/images\Paul_Gauguin\Paul_Gauguin_295.jpg,Paul_Gauguin
data/images\Paul_Gauguin\Paul_Gauguin_114.jpg,Paul_Gauguin
data/images\Paul_Gauguin\Paul_Gauguin_193.jpg,Paul_Gauguin
data/images\Paul_Gauguin\Paul_Gauguin_63.jpg,Paul_Gauguin
data/images\Paul_Gauguin\Paul_Gauguin_28.jpg,Paul_Gauguin
data/images\Paul_Gauguin\Paul_Gauguin_65.jpg,Paul_Gauguin
data/images\Paul_Gauguin\Paul_Gauguin_48.jpg,Paul_Gauguin
data/images\Paul_Gauguin\Paul_Gauguin_152.jpg,Paul_Gauguin
data/images\Paul_Gauguin\Paul_Gauguin_230.jpg,Paul_Gauguin
data/images\Paul_Gauguin\Paul_Gauguin_194.jpg,Paul_Gauguin
data/images\Paul_Gauguin\Paul_Gauguin_36.jpg,Paul_Gauguin
data/images\Paul_Gauguin\Paul_Gauguin_82.jpg,Paul_Gauguin
data/images\Paul_Gauguin\Paul_Gauguin_118.jpg,Paul_Gauguin
data/images\Paul_Gauguin\Paul_Gauguin_293.jpg,Paul_Gauguin
data/images\Paul_Gauguin\Paul_Gauguin_286.jpg,Paul_Gauguin
data/images\Paul_Gauguin\Paul_Gauguin_231.jpg,Paul_Gauguin
data/images\Paul_Gauguin\Paul_Gauguin_136.jpg,Paul_Gauguin
data/images\Paul_Gauguin\Paul_Gauguin_285.jpg,Paul_Gauguin
data/images\Paul_Gauguin\Paul_Gauguin_280.jpg,Paul_Gauguin
data/images\Paul_Gauguin\Paul_Gauguin_226.jpg,Paul_Gauguin
data/images\Paul_Gauguin\Paul_Gauguin_261.jpg,Paul_Gauguin
data/images\Paul_Gauguin\Paul_Gauguin_86.jpg,Paul_Gauguin
data/images\Paul_Gauguin\Paul_Gauguin_278.jpg,Paul_Gauguin
data/images\Paul_Gauguin\Paul_Gauguin_181.jpg,Paul_Gauguin
data/images\Paul_Gauguin\Paul_Gauguin_196.jpg,Paul_Gauguin
data/images\Paul_Gauguin\Paul_Gauguin_141.jpg,Paul_Gauguin
data/images\Paul_Gauguin\Paul_Gauguin_276.jpg,Paul_Gauguin
data/images\Paul_Gauguin\Paul_Gauguin_200.jpg,Paul_Gauguin
data/images\Paul_Gauguin\Paul_Gauguin_18.jpg,Paul_Gauguin
data/images\Paul_Gauguin\Paul_Gauguin_35.jpg,Paul_Gauguin
data/images\Paul_Gauguin\Paul_Gauguin_9.jpg,Paul_Gauguin
data/images\Paul_Gauguin\Paul_Gauguin_241.jpg,Paul_Gauguin
data/images\Paul_Gauguin\Paul_Gauguin_3.jpg,Paul_Gauguin
data/images\Paul_Gauguin\Paul_Gauguin_272.jpg,Paul_Gauguin
data/images\Paul_Gauguin\Paul_Gauguin_23.jpg,Paul_Gauguin
data/images\Paul_Gauguin\Paul_Gauguin_245.jpg,Paul_Gauguin
data/images\Paul_Gauguin\Paul_Gauguin_133.jpg,Paul_Gauguin
data/images\Paul_Gauguin\Paul_Gauguin_53.jpg,Paul_Gauguin
data/images\Paul_Gauguin\Paul_Gauguin_199.jpg,Paul_Gauguin
data/images\Paul_Gauguin\Paul_Gauguin_105.jpg,Paul_Gauguin
data/images\Paul_Gauguin\Paul_Gauguin_211.jpg,Paul_Gauguin
data/images\Paul_Gauguin\Paul_Gauguin_146.jpg,Paul_Gauguin
data/images\Paul_Gauguin\Paul_Gauguin_112.jpg,Paul_Gauguin
data/images\Paul_Gauguin\Paul_Gauguin_204.jpg,Paul_Gauguin
data/images\Paul_Gauguin\Paul_Gauguin_122.jpg,Paul_Gauguin
data/images\Paul_Gauguin\Paul_Gauguin_207.jpg,Paul_Gauguin
data/images\Paul_Gauguin\Paul_Gauguin_123.jpg,Paul_Gauguin
data/images\Paul_Gauguin\Paul_Gauguin_305.jpg,Paul_Gauguin
data/images\Paul_Gauguin\Paul_Gauguin_234.jpg,Paul_Gauguin
data/images\Paul_Gauguin\Paul_Gauguin_176.jpg,Paul_Gauguin
data/images\Paul_Gauguin\Paul_Gauguin_301.jpg,Paul_Gauguin
data/images\Paul_Gauguin\Paul_Gauguin_257.jpg,Paul_Gauguin
data/images\Paul_Gauguin\Paul_Gauguin_12.jpg,Paul_Gauguin
data/images\Paul_Gauguin\Paul_Gauguin_191.jpg,Paul_Gauguin
data/images\Paul_Gauguin\Paul_Gauguin_33.jpg,Paul_Gauguin
data/images\Paul_Gauguin\Paul_Gauguin_69.jpg,Paul_Gauguin
data/images\Paul_Gauguin\Paul_Gauguin_222.jpg,Paul_Gauguin
data/images\Paul_Gauguin\Paul_Gauguin_291.jpg,Paul_Gauguin
data/images\Paul_Gauguin\Paul_Gauguin_160.jpg,Paul_Gauguin
data/images\Paul_Gauguin\Paul_Gauguin_124.jpg,Paul_Gauguin
data/images\Paul_Gauguin\Paul_Gauguin_148.jpg,Paul_Gauguin
data/images\Paul_Gauguin\Paul_Gauguin_129.jpg,Paul_Gauguin
data/images\Paul_Gauguin\Paul_Gauguin_84.jpg,Paul_Gauguin
data/images\Paul_Gauguin\Paul_Gauguin_266.jpg,Paul_Gauguin
data/images\Paul_Gauguin\Paul_Gauguin_39.jpg,Paul_Gauguin
data/images\Paul_Gauguin\Paul_Gauguin_98.jpg,Paul_Gauguin
data/images\Paul_Gauguin\Paul_Gauguin_4.jpg,Paul_Gauguin
data/images\Paul_Gauguin\Paul_Gauguin_119.jpg,Paul_Gauguin
data/images\Paul_Gauguin\Paul_Gauguin_38.jpg,Paul_Gauguin
data/images\Paul_Gauguin\Paul_Gauguin_174.jpg,Paul_Gauguin
data/images\Paul_Gauguin\Paul_Gauguin_139.jpg,Paul_Gauguin
data/images\Paul_Gauguin\Paul_Gauguin_188.jpg,Paul_Gauguin
data/images\Paul_Gauguin\Paul_Gauguin_223.jpg,Paul_Gauguin
data/images\Paul_Gauguin\Paul_Gauguin_256.jpg,Paul_Gauguin
data/images\Paul_Gauguin\Paul_Gauguin_117.jpg,Paul_Gauguin
data/images\Paul_Gauguin\Paul_Gauguin_132.jpg,Paul_Gauguin
data/images\Paul_Gauguin\Paul_Gauguin_61.jpg,Paul_Gauguin
data/images\Paul_Gauguin\Paul_Gauguin_103.jpg,Paul_Gauguin
data/images\Paul_Gauguin\Paul_Gauguin_134.jpg,Paul_Gauguin
data/images\Paul_Gauguin\Paul_Gauguin_275.jpg,Paul_Gauguin
data/images\Paul_Gauguin\Paul_Gauguin_76.jpg,Paul_Gauguin
data/images\Paul_Gauguin\Paul_Gauguin_273.jpg,Paul_Gauguin
data/images\Paul_Gauguin\Paul_Gauguin_91.jpg,Paul_Gauguin
data/images\Paul_Gauguin\Paul_Gauguin_24.jpg,Paul_Gauguin
data/images\Paul_Gauguin\Paul_Gauguin_80.jpg,Paul_Gauguin
data/images\Paul_Gauguin\Paul_Gauguin_189.jpg,Paul_Gauguin
data/images\Paul_Gauguin\Paul_Gauguin_125.jpg,Paul_Gauguin
data/images\Paul_Gauguin\Paul_Gauguin_15.jpg,Paul_Gauguin
data/images\Paul_Gauguin\Paul_Gauguin_62.jpg,Paul_Gauguin
data/images\Paul_Gauguin\Paul_Gauguin_89.jpg,Paul_Gauguin
data/images\Paul_Gauguin\Paul_Gauguin_93.jpg,Paul_Gauguin
data/images\Paul_Gauguin\Paul_Gauguin_154.jpg,Paul_Gauguin
data/images\Paul_Gauguin\Paul_Gauguin_264.jpg,Paul_Gauguin
data/images\Paul_Gauguin\Paul_Gauguin_22.jpg,Paul_Gauguin
data/images\Paul_Klee\Paul_Klee_186.jpg,Paul_Klee
data/images\Paul_Klee\Paul_Klee_59.jpg,Paul_Klee
data/images\Paul_Klee\Paul_Klee_161.jpg,Paul_Klee
data/images\Paul_Klee\Paul_Klee_86.jpg,Paul_Klee
data/images\Paul_Klee\Paul_Klee_174.jpg,Paul_Klee
data/images\Paul_Klee\Paul_Klee_172.jpg,Paul_Klee
data/images\Paul_Klee\Paul_Klee_178.jpg,Paul_Klee
data/images\Paul_Klee\Paul_Klee_97.jpg,Paul_Klee
data/images\Paul_Klee\Paul_Klee_66.jpg,Paul_Klee
data/images\Paul_Klee\Paul_Klee_89.jpg,Paul_Klee
data/images\Paul_Klee\Paul_Klee_134.jpg,Paul_Klee
data/images\Paul_Klee\Paul_Klee_92.jpg,Paul_Klee
data/images\Paul_Klee\Paul_Klee_114.jpg,Paul_Klee
data/images\Paul_Klee\Paul_Klee_187.jpg,Paul_Klee
data/images\Paul_Klee\Paul_Klee_108.jpg,Paul_Klee
data/images\Paul_Klee\Paul_Klee_158.jpg,Paul_Klee
data/images\Paul_Klee\Paul_Klee_78.jpg,Paul_Klee
data/images\Paul_Klee\Paul_Klee_180.jpg,Paul_Klee
data/images\Paul_Klee\Paul_Klee_98.jpg,Paul_Klee
data/images\Paul_Klee\Paul_Klee_105.jpg,Paul_Klee
data/images\Paul_Klee\Paul_Klee_37.jpg,Paul_Klee
data/images\Paul_Klee\Paul_Klee_39.jpg,Paul_Klee
data/images\Paul_Klee\Paul_Klee_83.jpg,Paul_Klee
data/images\Paul_Klee\Paul_Klee_171.jpg,Paul_Klee
data/images\Paul_Klee\Paul_Klee_173.jpg,Paul_Klee
data/images\Paul_Klee\Paul_Klee_168.jpg,Paul_Klee
data/images\Paul_Klee\Paul_Klee_117.jpg,Paul_Klee
data/images\Paul_Klee\Paul_Klee_62.jpg,Paul_Klee
data/images\Paul_Klee\Paul_Klee_160.jpg,Paul_Klee
data/images\Paul_Klee\Paul_Klee_181.jpg,Paul_Klee
data/images\Paul_Klee\Paul_Klee_155.jpg,Paul_Klee
data/images\Paul_Klee\Paul_Klee_14.jpg,Paul_Klee
data/images\Paul_Klee\Paul_Klee_103.jpg,Paul_Klee
data/images\Paul_Klee\Paul_Klee_18.jpg,Paul_Klee
data/images\Paul_Klee\Paul_Klee_133.jpg,Paul_Klee
data/images\Paul_Klee\Paul_Klee_11.jpg,Paul_Klee
data/images\Paul_Klee\Paul_Klee_5.jpg,Paul_Klee
data/images\Paul_Klee\Paul_Klee_159.jpg,Paul_Klee
data/images\Paul_Klee\Paul_Klee_188.jpg,Paul_Klee
data/images\Paul_Klee\Paul_Klee_47.jpg,Paul_Klee
data/images\Paul_Klee\Paul_Klee_128.jpg,Paul_Klee
data/images\Paul_Klee\Paul_Klee_3.jpg,Paul_Klee
data/images\Paul_Klee\Paul_Klee_84.jpg,Paul_Klee
data/images\Paul_Klee\Paul_Klee_75.jpg,Paul_Klee
data/images\Paul_Klee\Paul_Klee_175.jpg,Paul_Klee
data/images\Paul_Klee\Paul_Klee_122.jpg,Paul_Klee
data/images\Paul_Klee\Paul_Klee_157.jpg,Paul_Klee
data/images\Paul_Klee\Paul_Klee_167.jpg,Paul_Klee
data/images\Paul_Klee\Paul_Klee_184.jpg,Paul_Klee
data/images\Paul_Klee\Paul_Klee_90.jpg,Paul_Klee
data/images\Paul_Klee\Paul_Klee_67.jpg,Paul_Klee
data/images\Paul_Klee\Paul_Klee_12.jpg,Paul_Klee
data/images\Paul_Klee\Paul_Klee_154.jpg,Paul_Klee
data/images\Paul_Klee\Paul_Klee_136.jpg,Paul_Klee
data/images\Paul_Klee\Paul_Klee_163.jpg,Paul_Klee
data/images\Paul_Klee\Paul_Klee_42.jpg,Paul_Klee
data/images\Paul_Klee\Paul_Klee_26.jpg,Paul_Klee
data/images\Paul_Klee\Paul_Klee_176.jpg,Paul_Klee
data/images\Paul_Klee\Paul_Klee_121.jpg,Paul_Klee
data/images\Paul_Klee\Paul_Klee_144.jpg,Paul_Klee
data/images\Paul_Klee\Paul_Klee_170.jpg,Paul_Klee
data/images\Paul_Klee\Paul_Klee_142.jpg,Paul_Klee
data/images\Paul_Klee\Paul_Klee_82.jpg,Paul_Klee
data/images\Paul_Klee\Paul_Klee_165.jpg,Paul_Klee
data/images\Paul_Klee\Paul_Klee_50.jpg,Paul_Klee
data/images\Paul_Klee\Paul_Klee_29.jpg,Paul_Klee
data/images\Paul_Klee\Paul_Klee_22.jpg,Paul_Klee
data/images\Paul_Klee\Paul_Klee_143.jpg,Paul_Klee
data/images\Paul_Klee\Paul_Klee_43.jpg,Paul_Klee
data/images\Paul_Klee\Paul_Klee_76.jpg,Paul_Klee
data/images\Paul_Klee\Paul_Klee_131.jpg,Paul_Klee
data/images\Paul_Klee\Paul_Klee_137.jpg,Paul_Klee
data/images\Paul_Klee\Paul_Klee_27.jpg,Paul_Klee
data/images\Paul_Klee\Paul_Klee_32.jpg,Paul_Klee
data/images\Paul_Klee\Paul_Klee_30.jpg,Paul_Klee
data/images\Paul_Klee\Paul_Klee_34.jpg,Paul_Klee
data/images\Paul_Klee\Paul_Klee_115.jpg,Paul_Klee
data/images\Paul_Klee\Paul_Klee_100.jpg,Paul_Klee
data/images\Paul_Klee\Paul_Klee_23.jpg,Paul_Klee
data/images\Paul_Klee\Paul_Klee_141.jpg,Paul_Klee
data/images\Paul_Klee\Paul_Klee_60.jpg,Paul_Klee
data/images\Paul_Klee\Paul_Klee_2.jpg,Paul_Klee
data/images\Paul_Klee\Paul_Klee_52.jpg,Paul_Klee
data/images\Paul_Klee\Paul_Klee_51.jpg,Paul_Klee
data/images\Paul_Klee\Paul_Klee_152.jpg,Paul_Klee
data/images\Paul_Klee\Paul_Klee_147.jpg,Paul_Klee
data/images\Paul_Klee\Paul_Klee_74.jpg,Paul_Klee
data/images\Paul_Klee\Paul_Klee_87.jpg,Paul_Klee
data/images\Paul_Klee\Paul_Klee_15.jpg,Paul_Klee
data/images\Paul_Klee\Paul_Klee_110.jpg,Paul_Klee
data/images\Paul_Klee\Paul_Klee_8.jpg,Paul_Klee
data/images\Paul_Klee\Paul_Klee_166.jpg,Paul_Klee
data/images\Paul_Klee\Paul_Klee_127.jpg,Paul_Klee
data/images\Paul_Klee\Paul_Klee_96.jpg,Paul_Klee
data/images\Paul_Klee\Paul_Klee_145.jpg,Paul_Klee
data/images\Paul_Klee\Paul_Klee_126.jpg,Paul_Klee
data/images\Paul_Klee\Paul_Klee_169.jpg,Paul_Klee
data/images\Paul_Klee\Paul_Klee_120.jpg,Paul_Klee
data/images\Paul_Klee\Paul_Klee_24.jpg,Paul_Klee
data/images\Paul_Klee\Paul_Klee_179.jpg,Paul_Klee
data/images\Paul_Klee\Paul_Klee_7.jpg,Paul_Klee
data/images\Paul_Klee\Paul_Klee_72.jpg,Paul_Klee
data/images\Paul_Klee\Paul_Klee_21.jpg,Paul_Klee
data/images\Paul_Klee\Paul_Klee_71.jpg,Paul_Klee
data/images\Paul_Klee\Paul_Klee_140.jpg,Paul_Klee
data/images\Paul_Klee\Paul_Klee_53.jpg,Paul_Klee
data/images\Paul_Klee\Paul_Klee_183.jpg,Paul_Klee
data/images\Paul_Klee\Paul_Klee_125.jpg,Paul_Klee
data/images\Paul_Klee\Paul_Klee_81.jpg,Paul_Klee
data/images\Paul_Klee\Paul_Klee_13.jpg,Paul_Klee
data/images\Paul_Klee\Paul_Klee_9.jpg,Paul_Klee
data/images\Paul_Klee\Paul_Klee_146.jpg,Paul_Klee
data/images\Paul_Klee\Paul_Klee_10.jpg,Paul_Klee
data/images\Paul_Klee\Paul_Klee_116.jpg,Paul_Klee
data/images\Paul_Klee\Paul_Klee_46.jpg,Paul_Klee
data/images\Paul_Klee\Paul_Klee_49.jpg,Paul_Klee
data/images\Paul_Klee\Paul_Klee_129.jpg,Paul_Klee
data/images\Paul_Klee\Paul_Klee_35.jpg,Paul_Klee
data/images\Paul_Klee\Paul_Klee_139.jpg,Paul_Klee
data/images\Paul_Klee\Paul_Klee_28.jpg,Paul_Klee
data/images\Paul_Klee\Paul_Klee_95.jpg,Paul_Klee
data/images\Paul_Klee\Paul_Klee_36.jpg,Paul_Klee
data/images\Paul_Klee\Paul_Klee_17.jpg,Paul_Klee
data/images\Paul_Klee\Paul_Klee_132.jpg,Paul_Klee
data/images\Paul_Klee\Paul_Klee_65.jpg,Paul_Klee
data/images\Paul_Klee\Paul_Klee_73.jpg,Paul_Klee
data/images\Paul_Klee\Paul_Klee_45.jpg,Paul_Klee
data/images\Pierre-Auguste_Renoir\Pierre-Auguste_Renoir_26.jpg,Pierre-Auguste_Renoir
data/images\Pierre-Auguste_Renoir\Pierre-Auguste_Renoir_320.jpg,Pierre-Auguste_Renoir
data/images\Pierre-Auguste_Renoir\Pierre-Auguste_Renoir_76.jpg,Pierre-Auguste_Renoir
data/images\Pierre-Auguste_Renoir\Pierre-Auguste_Renoir_257.jpg,Pierre-Auguste_Renoir
data/images\Pierre-Auguste_Renoir\Pierre-Auguste_Renoir_237.jpg,Pierre-Auguste_Renoir
data/images\Pierre-Auguste_Renoir\Pierre-Auguste_Renoir_122.jpg,Pierre-Auguste_Renoir
data/images\Pierre-Auguste_Renoir\Pierre-Auguste_Renoir_246.jpg,Pierre-Auguste_Renoir
data/images\Pierre-Auguste_Renoir\Pierre-Auguste_Renoir_271.jpg,Pierre-Auguste_Renoir
data/images\Pierre-Auguste_Renoir\Pierre-Auguste_Renoir_318.jpg,Pierre-Auguste_Renoir
data/images\Pierre-Auguste_Renoir\Pierre-Auguste_Renoir_306.jpg,Pierre-Auguste_Renoir
data/images\Pierre-Auguste_Renoir\Pierre-Auguste_Renoir_303.jpg,Pierre-Auguste_Renoir
data/images\Pierre-Auguste_Renoir\Pierre-Auguste_Renoir_312.jpg,Pierre-Auguste_Renoir
data/images\Pierre-Auguste_Renoir\Pierre-Auguste_Renoir_58.jpg,Pierre-Auguste_Renoir
data/images\Pierre-Auguste_Renoir\Pierre-Auguste_Renoir_213.jpg,Pierre-Auguste_Renoir
data/images\Pierre-Auguste_Renoir\Pierre-Auguste_Renoir_101.jpg,Pierre-Auguste_Renoir
data/images\Pierre-Auguste_Renoir\Pierre-Auguste_Renoir_194.jpg,Pierre-Auguste_Renoir
data/images\Pierre-Auguste_Renoir\Pierre-Auguste_Renoir_4.jpg,Pierre-Auguste_Renoir
data/images\Pierre-Auguste_Renoir\Pierre-Auguste_Renoir_229.jpg,Pierre-Auguste_Renoir
data/images\Pierre-Auguste_Renoir\Pierre-Auguste_Renoir_104.jpg,Pierre-Auguste_Renoir
data/images\Pierre-Auguste_Renoir\Pierre-Auguste_Renoir_319.jpg,Pierre-Auguste_Renoir
data/images\Pierre-Auguste_Renoir\Pierre-Auguste_Renoir_187.jpg,Pierre-Auguste_Renoir
data/images\Pierre-Auguste_Renoir\Pierre-Auguste_Renoir_286.jpg,Pierre-Auguste_Renoir
data/images\Pierre-Auguste_Renoir\Pierre-Auguste_Renoir_119.jpg,Pierre-Auguste_Renoir
data/images\Pierre-Auguste_Renoir\Pierre-Auguste_Renoir_165.jpg,Pierre-Auguste_Renoir
data/images\Pierre-Auguste_Renoir\Pierre-Auguste_Renoir_269.jpg,Pierre-Auguste_Renoir
data/images\Pierre-Auguste_Renoir\Pierre-Auguste_Renoir_174.jpg,Pierre-Auguste_Renoir
data/images\Pierre-Auguste_Renoir\Pierre-Auguste_Renoir_328.jpg,Pierre-Auguste_Renoir
data/images\Pierre-Auguste_Renoir\Pierre-Auguste_Renoir_201.jpg,Pierre-Auguste_Renoir
data/images\Pierre-Auguste_Renoir\Pierre-Auguste_Renoir_163.jpg,Pierre-Auguste_Renoir
data/images\Pierre-Auguste_Renoir\Pierre-Auguste_Renoir_51.jpg,Pierre-Auguste_Renoir
data/images\Pierre-Auguste_Renoir\Pierre-Auguste_Renoir_166.jpg,Pierre-Auguste_Renoir
data/images\Pierre-Auguste_Renoir\Pierre-Auguste_Renoir_285.jpg,Pierre-Auguste_Renoir
data/images\Pierre-Auguste_Renoir\Pierre-Auguste_Renoir_266.jpg,Pierre-Auguste_Renoir
data/images\Pierre-Auguste_Renoir\Pierre-Auguste_Renoir_247.jpg,Pierre-Auguste_Renoir
data/images\Pierre-Auguste_Renoir\Pierre-Auguste_Renoir_125.jpg,Pierre-Auguste_Renoir
data/images\Pierre-Auguste_Renoir\Pierre-Auguste_Renoir_275.jpg,Pierre-Auguste_Renoir
data/images\Pierre-Auguste_Renoir\Pierre-Auguste_Renoir_267.jpg,Pierre-Auguste_Renoir
data/images\Pierre-Auguste_Renoir\Pierre-Auguste_Renoir_39.jpg,Pierre-Auguste_Renoir
data/images\Pierre-Auguste_Renoir\Pierre-Auguste_Renoir_124.jpg,Pierre-Auguste_Renoir
data/images\Pierre-Auguste_Renoir\Pierre-Auguste_Renoir_111.jpg,Pierre-Auguste_Renoir
data/images\Pierre-Auguste_Renoir\Pierre-Auguste_Renoir_109.jpg,Pierre-Auguste_Renoir
data/images\Pierre-Auguste_Renoir\Pierre-Auguste_Renoir_250.jpg,Pierre-Auguste_Renoir
data/images\Pierre-Auguste_Renoir\Pierre-Auguste_Renoir_240.jpg,Pierre-Auguste_Renoir
data/images\Pierre-Auguste_Renoir\Pierre-Auguste_Renoir_82.jpg,Pierre-Auguste_Renoir
data/images\Pierre-Auguste_Renoir\Pierre-Auguste_Renoir_13.jpg,Pierre-Auguste_Renoir
data/images\Pierre-Auguste_Renoir\Pierre-Auguste_Renoir_159.jpg,Pierre-Auguste_Renoir
data/images\Pierre-Auguste_Renoir\Pierre-Auguste_Renoir_304.jpg,Pierre-Auguste_Renoir
data/images\Pierre-Auguste_Renoir\Pierre-Auguste_Renoir_317.jpg,Pierre-Auguste_Renoir
data/images\Pierre-Auguste_Renoir\Pierre-Auguste_Renoir_222.jpg,Pierre-Auguste_Renoir
data/images\Pierre-Auguste_Renoir\Pierre-Auguste_Renoir_138.jpg,Pierre-Auguste_Renoir
data/images\Pierre-Auguste_Renoir\Pierre-Auguste_Renoir_256.jpg,Pierre-Auguste_Renoir
data/images\Pierre-Auguste_Renoir\Pierre-Auguste_Renoir_217.jpg,Pierre-Auguste_Renoir
data/images\Pierre-Auguste_Renoir\Pierre-Auguste_Renoir_199.jpg,Pierre-Auguste_Renoir
data/images\Pierre-Auguste_Renoir\Pierre-Auguste_Renoir_107.jpg,Pierre-Auguste_Renoir
data/images\Pierre-Auguste_Renoir\Pierre-Auguste_Renoir_287.jpg,Pierre-Auguste_Renoir
data/images\Pierre-Auguste_Renoir\Pierre-Auguste_Renoir_134.jpg,Pierre-Auguste_Renoir
data/images\Pierre-Auguste_Renoir\Pierre-Auguste_Renoir_210.jpg,Pierre-Auguste_Renoir
data/images\Pierre-Auguste_Renoir\Pierre-Auguste_Renoir_216.jpg,Pierre-Auguste_Renoir
data/images\Pierre-Auguste_Renoir\Pierre-Auguste_Renoir_96.jpg,Pierre-Auguste_Renoir
data/images\Pierre-Auguste_Renoir\Pierre-Auguste_Renoir_95.jpg,Pierre-Auguste_Renoir
data/images\Pierre-Auguste_Renoir\Pierre-Auguste_Renoir_193.jpg,Pierre-Auguste_Renoir
data/images\Pierre-Auguste_Renoir\Pierre-Auguste_Renoir_81.jpg,Pierre-Auguste_Renoir
data/images\Pierre-Auguste_Renoir\Pierre-Auguste_Renoir_42.jpg,Pierre-Auguste_Renoir
data/images\Pierre-Auguste_Renoir\Pierre-Auguste_Renoir_315.jpg,Pierre-Auguste_Renoir
data/images\Pierre-Auguste_Renoir\Pierre-Auguste_Renoir_40.jpg,Pierre-Auguste_Renoir
data/images\Pierre-Auguste_Renoir\Pierre-Auguste_Renoir_155.jpg,Pierre-Auguste_Renoir
data/images\Pierre-Auguste_Renoir\Pierre-Auguste_Renoir_5.jpg,Pierre-Auguste_Renoir
data/images\Pierre-Auguste_Renoir\Pierre-Auguste_Renoir_89.jpg,Pierre-Auguste_Renoir
data/images\Pierre-Auguste_Renoir\Pierre-Auguste_Renoir_207.jpg,Pierre-Auguste_Renoir
data/images\Pierre-Auguste_Renoir\Pierre-Auguste_Renoir_242.jpg,Pierre-Auguste_Renoir
data/images\Pierre-Auguste_Renoir\Pierre-Auguste_Renoir_172.jpg,Pierre-Auguste_Renoir
data/images\Pierre-Auguste_Renoir\Pierre-Auguste_Renoir_184.jpg,Pierre-Auguste_Renoir
data/images\Pierre-Auguste_Renoir\Pierre-Auguste_Renoir_282.jpg,Pierre-Auguste_Renoir
data/images\Pierre-Auguste_Renoir\Pierre-Auguste_Renoir_323.jpg,Pierre-Auguste_Renoir
data/images\Pierre-Auguste_Renoir\Pierre-Auguste_Renoir_335.jpg,Pierre-Auguste_Renoir
data/images\Pierre-Auguste_Renoir\Pierre-Auguste_Renoir_114.jpg,Pierre-Auguste_Renoir
data/images\Pierre-Auguste_Renoir\Pierre-Auguste_Renoir_215.jpg,Pierre-Auguste_Renoir
data/images\Pierre-Auguste_Renoir\Pierre-Auguste_Renoir_208.jpg,Pierre-Auguste_Renoir
data/images\Pierre-Auguste_Renoir\Pierre-Auguste_Renoir_137.jpg,Pierre-Auguste_Renoir
data/images\Pierre-Auguste_Renoir\Pierre-Auguste_Renoir_99.jpg,Pierre-Auguste_Renoir
data/images\Pierre-Auguste_Renoir\Pierre-Auguste_Renoir_225.jpg,Pierre-Auguste_Renoir
data/images\Pierre-Auguste_Renoir\Pierre-Auguste_Renoir_251.jpg,Pierre-Auguste_Renoir
data/images\Pierre-Auguste_Renoir\Pierre-Auguste_Renoir_296.jpg,Pierre-Auguste_Renoir
data/images\Pierre-Auguste_Renoir\Pierre-Auguste_Renoir_2.jpg,Pierre-Auguste_Renoir
data/images\Pierre-Auguste_Renoir\Pierre-Auguste_Renoir_221.jpg,Pierre-Auguste_Renoir
data/images\Pierre-Auguste_Renoir\Pierre-Auguste_Renoir_144.jpg,Pierre-Auguste_Renoir
data/images\Pierre-Auguste_Renoir\Pierre-Auguste_Renoir_278.jpg,Pierre-Auguste_Renoir
data/images\Pierre-Auguste_Renoir\Pierre-Auguste_Renoir_67.jpg,Pierre-Auguste_Renoir
data/images\Pierre-Auguste_Renoir\Pierre-Auguste_Renoir_8.jpg,Pierre-Auguste_Renoir
data/images\Pierre-Auguste_Renoir\Pierre-Auguste_Renoir_223.jpg,Pierre-Auguste_Renoir
data/images\Pierre-Auguste_Renoir\Pierre-Auguste_Renoir_219.jpg,Pierre-Auguste_Renoir
data/images\Pierre-Auguste_Renoir\Pierre-Auguste_Renoir_230.jpg,Pierre-Auguste_Renoir
data/images\Pierre-Auguste_Renoir\Pierre-Auguste_Renoir_112.jpg,Pierre-Auguste_Renoir
data/images\Pierre-Auguste_Renoir\Pierre-Auguste_Renoir_9.jpg,Pierre-Auguste_Renoir
data/images\Pierre-Auguste_Renoir\Pierre-Auguste_Renoir_290.jpg,Pierre-Auguste_Renoir
data/images\Pierre-Auguste_Renoir\Pierre-Auguste_Renoir_334.jpg,Pierre-Auguste_Renoir
data/images\Pierre-Auguste_Renoir\Pierre-Auguste_Renoir_118.jpg,Pierre-Auguste_Renoir
data/images\Pierre-Auguste_Renoir\Pierre-Auguste_Renoir_288.jpg,Pierre-Auguste_Renoir
data/images\Pierre-Auguste_Renoir\Pierre-Auguste_Renoir_227.jpg,Pierre-Auguste_Renoir
data/images\Pierre-Auguste_Renoir\Pierre-Auguste_Renoir_157.jpg,Pierre-Auguste_Renoir
data/images\Pierre-Auguste_Renoir\Pierre-Auguste_Renoir_162.jpg,Pierre-Auguste_Renoir
data/images\Pierre-Auguste_Renoir\Pierre-Auguste_Renoir_90.jpg,Pierre-Auguste_Renoir
data/images\Pierre-Auguste_Renoir\Pierre-Auguste_Renoir_259.jpg,Pierre-Auguste_Renoir
data/images\Pierre-Auguste_Renoir\Pierre-Auguste_Renoir_185.jpg,Pierre-Auguste_Renoir
data/images\Pierre-Auguste_Renoir\Pierre-Auguste_Renoir_128.jpg,Pierre-Auguste_Renoir
data/images\Pierre-Auguste_Renoir\Pierre-Auguste_Renoir_297.jpg,Pierre-Auguste_Renoir
data/images\Pierre-Auguste_Renoir\Pierre-Auguste_Renoir_203.jpg,Pierre-Auguste_Renoir
data/images\Pierre-Auguste_Renoir\Pierre-Auguste_Renoir_196.jpg,Pierre-Auguste_Renoir
data/images\Pierre-Auguste_Renoir\Pierre-Auguste_Renoir_314.jpg,Pierre-Auguste_Renoir
data/images\Pierre-Auguste_Renoir\Pierre-Auguste_Renoir_35.jpg,Pierre-Auguste_Renoir
data/images\Pierre-Auguste_Renoir\Pierre-Auguste_Renoir_238.jpg,Pierre-Auguste_Renoir
data/images\Pierre-Auguste_Renoir\Pierre-Auguste_Renoir_53.jpg,Pierre-Auguste_Renoir
data/images\Pierre-Auguste_Renoir\Pierre-Auguste_Renoir_83.jpg,Pierre-Auguste_Renoir
data/images\Pierre-Auguste_Renoir\Pierre-Auguste_Renoir_311.jpg,Pierre-Auguste_Renoir
data/images\Pierre-Auguste_Renoir\Pierre-Auguste_Renoir_108.jpg,Pierre-Auguste_Renoir
data/images\Pierre-Auguste_Renoir\Pierre-Auguste_Renoir_73.jpg,Pierre-Auguste_Renoir
data/images\Pierre-Auguste_Renoir\Pierre-Auguste_Renoir_121.jpg,Pierre-Auguste_Renoir
data/images\Pierre-Auguste_Renoir\Pierre-Auguste_Renoir_78.jpg,Pierre-Auguste_Renoir
data/images\Pierre-Auguste_Renoir\Pierre-Auguste_Renoir_62.jpg,Pierre-Auguste_Renoir
data/images\Pierre-Auguste_Renoir\Pierre-Auguste_Renoir_206.jpg,Pierre-Auguste_Renoir
data/images\Pierre-Auguste_Renoir\Pierre-Auguste_Renoir_66.jpg,Pierre-Auguste_Renoir
data/images\Pierre-Auguste_Renoir\Pierre-Auguste_Renoir_245.jpg,Pierre-Auguste_Renoir
data/images\Pierre-Auguste_Renoir\Pierre-Auguste_Renoir_86.jpg,Pierre-Auguste_Renoir
data/images\Pierre-Auguste_Renoir\Pierre-Auguste_Renoir_264.jpg,Pierre-Auguste_Renoir
data/images\Pierre-Auguste_Renoir\Pierre-Auguste_Renoir_19.jpg,Pierre-Auguste_Renoir
data/images\Pierre-Auguste_Renoir\Pierre-Auguste_Renoir_260.jpg,Pierre-Auguste_Renoir
data/images\Pierre-Auguste_Renoir\Pierre-Auguste_Renoir_336.jpg,Pierre-Auguste_Renoir
data/images\Rembrandt\Rembrandt_117.jpg,Rembrandt
data/images\Rembrandt\Rembrandt_29.jpg,Rembrandt
data/images\Rembrandt\Rembrandt_36.jpg,Rembrandt
data/images\Rembrandt\Rembrandt_254.jpg,Rembrandt
data/images\Rembrandt\Rembrandt_75.jpg,Rembrandt
data/images\Rembrandt\Rembrandt_79.jpg,Rembrandt
data/images\Rembrandt\Rembrandt_41.jpg,Rembrandt
data/images\Rembrandt\Rembrandt_212.jpg,Rembrandt
data/images\Rembrandt\Rembrandt_130.jpg,Rembrandt
data/images\Rembrandt\Rembrandt_108.jpg,Rembrandt
data/images\Rembrandt\Rembrandt_113.jpg,Rembrandt
data/images\Rembrandt\Rembrandt_89.jpg,Rembrandt
data/images\Rembrandt\Rembrandt_115.jpg,Rembrandt
data/images\Rembrandt\Rembrandt_92.jpg,Rembrandt
data/images\Rembrandt\Rembrandt_8.jpg,Rembrandt
data/images\Rembrandt\Rembrandt_177.jpg,Rembrandt
data/images\Rembrandt\Rembrandt_71.jpg,Rembrandt
data/images\Rembrandt\Rembrandt_88.jpg,Rembrandt
data/images\Rembrandt\Rembrandt_23.jpg,Rembrandt
data/images\Rembrandt\Rembrandt_131.jpg,Rembrandt
data/images\Rembrandt\Rembrandt_38.jpg,Rembrandt
data/images\Rembrandt\Rembrandt_121.jpg,Rembrandt
data/images\Rembrandt\Rembrandt_69.jpg,Rembrandt
data/images\Rembrandt\Rembrandt_25.jpg,Rembrandt
data/images\Rembrandt\Rembrandt_134.jpg,Rembrandt
data/images\Rembrandt\Rembrandt_248.jpg,Rembrandt
data/images\Rembrandt\Rembrandt_24.jpg,Rembrandt
data/images\Rembrandt\Rembrandt_43.jpg,Rembrandt
data/images\Rembrandt\Rembrandt_153.jpg,Rembrandt
data/images\Rembrandt\Rembrandt_30.jpg,Rembrandt
data/images\Rembrandt\Rembrandt_161.jpg,Rembrandt
data/images\Rembrandt\Rembrandt_56.jpg,Rembrandt
data/images\Rembrandt\Rembrandt_138.jpg,Rembrandt
data/images\Rembrandt\Rembrandt_7.jpg,Rembrandt
data/images\Rembrandt\Rembrandt_257.jpg,Rembrandt
data/images\Rembrandt\Rembrandt_246.jpg,Rembrandt
data/images\Rembrandt\Rembrandt_53.jpg,Rembrandt
data/images\Rembrandt\Rembrandt_168.jpg,Rembrandt
data/images\Rembrandt\Rembrandt_137.jpg,Rembrandt
data/images\Rembrandt\Rembrandt_59.jpg,Rembrandt
data/images\Rembrandt\Rembrandt_173.jpg,Rembrandt
data/images\Rembrandt\Rembrandt_22.jpg,Rembrandt
data/images\Rembrandt\Rembrandt_261.jpg,Rembrandt
data/images\Rembrandt\Rembrandt_74.jpg,Rembrandt
data/images\Rembrandt\Rembrandt_142.jpg,Rembrandt
data/images\Rembrandt\Rembrandt_227.jpg,Rembrandt
data/images\Rembrandt\Rembrandt_135.jpg,Rembrandt
data/images\Rembrandt\Rembrandt_133.jpg,Rembrandt
data/images\Rembrandt\Rembrandt_201.jpg,Rembrandt
data/images\Rembrandt\Rembrandt_112.jpg,Rembrandt
data/images\Rembrandt\Rembrandt_111.jpg,Rembrandt
data/images\Rembrandt\Rembrandt_206.jpg,Rembrandt
data/images\Rembrandt\Rembrandt_242.jpg,Rembrandt
data/images\Rembrandt\Rembrandt_185.jpg,Rembrandt
data/images\Rembrandt\Rembrandt_65.jpg,Rembrandt
data/images\Rembrandt\Rembrandt_145.jpg,Rembrandt
data/images\Rembrandt\Rembrandt_44.jpg,Rembrandt
data/images\Rembrandt\Rembrandt_84.jpg,Rembrandt
data/images\Rembrandt\Rembrandt_42.jpg,Rembrandt
data/images\Rembrandt\Rembrandt_217.jpg,Rembrandt
data/images\Rembrandt\Rembrandt_32.jpg,Rembrandt
data/images\Rembrandt\Rembrandt_148.jpg,Rembrandt
data/images\Rembrandt\Rembrandt_229.jpg,Rembrandt
data/images\Rembrandt\Rembrandt_184.jpg,Rembrandt
data/images\Rembrandt\Rembrandt_222.jpg,Rembrandt
data/images\Rembrandt\Rembrandt_95.jpg,Rembrandt
data/images\Rembrandt\Rembrandt_221.jpg,Rembrandt
data/images\Rembrandt\Rembrandt_253.jpg,Rembrandt
data/images\Rembrandt\Rembrandt_176.jpg,Rembrandt
data/images\Rembrandt\Rembrandt_178.jpg,Rembrandt
data/images\Rembrandt\Rembrandt_52.jpg,Rembrandt
data/images\Rembrandt\Rembrandt_147.jpg,Rembrandt
data/images\Rembrandt\Rembrandt_157.jpg,Rembrandt
data/images\Rembrandt\Rembrandt_243.jpg,Rembrandt
data/images\Rembrandt\Rembrandt_67.jpg,Rembrandt
data/images\Rembrandt\Rembrandt_180.jpg,Rembrandt
data/images\Rembrandt\Rembrandt_158.jpg,Rembrandt
data/images\Rembrandt\Rembrandt_140.jpg,Rembrandt
data/images\Rembrandt\Rembrandt_189.jpg,Rembrandt
data/images\Rembrandt\Rembrandt_70.jpg,Rembrandt
data/images\Rembrandt\Rembrandt_193.jpg,Rembrandt
data/images\Rembrandt\Rembrandt_195.jpg,Rembrandt
data/images\Rembrandt\Rembrandt_27.jpg,Rembrandt
data/images\Rembrandt\Rembrandt_143.jpg,Rembrandt
data/images\Rembrandt\Rembrandt_46.jpg,Rembrandt
data/images\Rembrandt\Rembrandt_213.jpg,Rembrandt
data/images\Rembrandt\Rembrandt_197.jpg,Rembrandt
data/images\Rembrandt\Rembrandt_211.jpg,Rembrandt
data/images\Rembrandt\Rembrandt_241.jpg,Rembrandt
data/images\Rembrandt\Rembrandt_6.jpg,Rembrandt
data/images\Rembrandt\Rembrandt_101.jpg,Rembrandt
data/images\Rembrandt\Rembrandt_203.jpg,Rembrandt
data/images\Rembrandt\Rembrandt_78.jpg,Rembrandt
data/images\Rembrandt\Rembrandt_244.jpg,Rembrandt
data/images\Rembrandt\Rembrandt_256.jpg,Rembrandt
data/images\Rembrandt\Rembrandt_39.jpg,Rembrandt
data/images\Rembrandt\Rembrandt_96.jpg,Rembrandt
data/images\Rembrandt\Rembrandt_238.jpg,Rembrandt
data/images\Rembrandt\Rembrandt_28.jpg,Rembrandt
data/images\Rembrandt\Rembrandt_237.jpg,Rembrandt
data/images\Rembrandt\Rembrandt_21.jpg,Rembrandt
data/images\Rembrandt\Rembrandt_83.jpg,Rembrandt
data/images\Rembrandt\Rembrandt_163.jpg,Rembrandt
data/images\Rembrandt\Rembrandt_26.jpg,Rembrandt
data/images\Rembrandt\Rembrandt_215.jpg,Rembrandt
data/images\Rembrandt\Rembrandt_110.jpg,Rembrandt
data/images\Rembrandt\Rembrandt_260.jpg,Rembrandt
data/images\Rembrandt\Rembrandt_209.jpg,Rembrandt
data/images\Rembrandt\Rembrandt_50.jpg,Rembrandt
data/images\Rembrandt\Rembrandt_119.jpg,Rembrandt
data/images\Rembrandt\Rembrandt_127.jpg,Rembrandt
data/images\Rembrandt\Rembrandt_170.jpg,Rembrandt
data/images\Rembrandt\Rembrandt_90.jpg,Rembrandt
data/images\Rembrandt\Rembrandt_245.jpg,Rembrandt
data/images\Rembrandt\Rembrandt_202.jpg,Rembrandt
data/images\Rembrandt\Rembrandt_183.jpg,Rembrandt
data/images\Rembrandt\Rembrandt_64.jpg,Rembrandt
data/images\Rembrandt\Rembrandt_20.jpg,Rembrandt
data/images\Rembrandt\Rembrandt_91.jpg,Rembrandt
data/images\Rembrandt\Rembrandt_191.jpg,Rembrandt
data/images\Rembrandt\Rembrandt_255.jpg,Rembrandt
data/images\Rembrandt\Rembrandt_188.jpg,Rembrandt
data/images\Rembrandt\Rembrandt_97.jpg,Rembrandt
data/images\Rembrandt\Rembrandt_216.jpg,Rembrandt
data/images\Rembrandt\Rembrandt_100.jpg,Rembrandt
data/images\Rembrandt\Rembrandt_141.jpg,Rembrandt
data/images\Rembrandt\Rembrandt_99.jpg,Rembrandt
data/images\Rene_Magritte\Rene_Magritte_151.jpg,Rene_Magritte
data/images\Rene_Magritte\Rene_Magritte_181.jpg,Rene_Magritte
data/images\Rene_Magritte\Rene_Magritte_140.jpg,Rene_Magritte
data/images\Rene_Magritte\Rene_Magritte_138.jpg,Rene_Magritte
data/images\Rene_Magritte\Rene_Magritte_9.jpg,Rene_Magritte
data/images\Rene_Magritte\Rene_Magritte_29.jpg,Rene_Magritte
data/images\Rene_Magritte\Rene_Magritte_141.jpg,Rene_Magritte
data/images\Rene_Magritte\Rene_Magritte_26.jpg,Rene_Magritte
data/images\Rene_Magritte\Rene_Magritte_104.jpg,Rene_Magritte
data/images\Rene_Magritte\Rene_Magritte_10.jpg,Rene_Magritte
data/images\Rene_Magritte\Rene_Magritte_123.jpg,Rene_Magritte
data/images\Rene_Magritte\Rene_Magritte_61.jpg,Rene_Magritte
data/images\Rene_Magritte\Rene_Magritte_63.jpg,Rene_Magritte
data/images\Rene_Magritte\Rene_Magritte_50.jpg,Rene_Magritte
data/images\Rene_Magritte\Rene_Magritte_186.jpg,Rene_Magritte
data/images\Rene_Magritte\Rene_Magritte_174.jpg,Rene_Magritte
data/images\Rene_Magritte\Rene_Magritte_115.jpg,Rene_Magritte
data/images\Rene_Magritte\Rene_Magritte_111.jpg,Rene_Magritte
data/images\Rene_Magritte\Rene_Magritte_160.jpg,Rene_Magritte
data/images\Rene_Magritte\Rene_Magritte_139.jpg,Rene_Magritte
data/images\Rene_Magritte\Rene_Magritte_88.jpg,Rene_Magritte
data/images\Rene_Magritte\Rene_Magritte_103.jpg,Rene_Magritte
data/images\Rene_Magritte\Rene_Magritte_154.jpg,Rene_Magritte
data/images\Rene_Magritte\Rene_Magritte_118.jpg,Rene_Magritte
data/images\Rene_Magritte\Rene_Magritte_185.jpg,Rene_Magritte
data/images\Rene_Magritte\Rene_Magritte_6.jpg,Rene_Magritte
data/images\Rene_Magritte\Rene_Magritte_85.jpg,Rene_Magritte
data/images\Rene_Magritte\Rene_Magritte_145.jpg,Rene_Magritte
data/images\Rene_Magritte\Rene_Magritte_183.jpg,Rene_Magritte
data/images\Rene_Magritte\Rene_Magritte_35.jpg,Rene_Magritte
data/images\Rene_Magritte\Rene_Magritte_46.jpg,Rene_Magritte
data/images\Rene_Magritte\Rene_Magritte_192.jpg,Rene_Magritte
data/images\Rene_Magritte\Rene_Magritte_137.jpg,Rene_Magritte
data/images\Rene_Magritte\Rene_Magritte_66.jpg,Rene_Magritte
data/images\Rene_Magritte\Rene_Magritte_148.jpg,Rene_Magritte
data/images\Rene_Magritte\Rene_Magritte_175.jpg,Rene_Magritte
data/images\Rene_Magritte\Rene_Magritte_132.jpg,Rene_Magritte
data/images\Rene_Magritte\Rene_Magritte_64.jpg,Rene_Magritte
data/images\Rene_Magritte\Rene_Magritte_80.jpg,Rene_Magritte
data/images\Rene_Magritte\Rene_Magritte_38.jpg,Rene_Magritte
data/images\Rene_Magritte\Rene_Magritte_67.jpg,Rene_Magritte
data/images\Rene_Magritte\Rene_Magritte_167.jpg,Rene_Magritte
data/images\Rene_Magritte\Rene_Magritte_135.jpg,Rene_Magritte
data/images\Rene_Magritte\Rene_Magritte_69.jpg,Rene_Magritte
data/images\Rene_Magritte\Rene_Magritte_18.jpg,Rene_Magritte
data/images\Rene_Magritte\Rene_Magritte_14.jpg,Rene_Magritte
data/images\Rene_Magritte\Rene_Magritte_12.jpg,Rene_Magritte
data/images\Rene_Magritte\Rene_Magritte_133.jpg,Rene_Magritte
data/images\Rene_Magritte\Rene_Magritte_125.jpg,Rene_Magritte
data/images\Rene_Magritte\Rene_Magritte_169.jpg,Rene_Magritte
data/images\Rene_Magritte\Rene_Magritte_144.jpg,Rene_Magritte
data/images\Rene_Magritte\Rene_Magritte_51.jpg,Rene_Magritte
data/images\Rene_Magritte\Rene_Magritte_60.jpg,Rene_Magritte
data/images\Rene_Magritte\Rene_Magritte_179.jpg,Rene_Magritte
data/images\Rene_Magritte\Rene_Magritte_105.jpg,Rene_Magritte
data/images\Rene_Magritte\Rene_Magritte_187.jpg,Rene_Magritte
data/images\Rene_Magritte\Rene_Magritte_79.jpg,Rene_Magritte
data/images\Rene_Magritte\Rene_Magritte_22.jpg,Rene_Magritte
data/images\Rene_Magritte\Rene_Magritte_164.jpg,Rene_Magritte
data/images\Rene_Magritte\Rene_Magritte_58.jpg,Rene_Magritte
data/images\Rene_Magritte\Rene_Magritte_119.jpg,Rene_Magritte
data/images\Rene_Magritte\Rene_Magritte_74.jpg,Rene_Magritte
data/images\Rene_Magritte\Rene_Magritte_116.jpg,Rene_Magritte
data/images\Rene_Magritte\Rene_Magritte_43.jpg,Rene_Magritte
data/images\Rene_Magritte\Rene_Magritte_100.jpg,Rene_Magritte
data/images\Rene_Magritte\Rene_Magritte_188.jpg,Rene_Magritte
data/images\Rene_Magritte\Rene_Magritte_19.jpg,Rene_Magritte
data/images\Rene_Magritte\Rene_Magritte_73.jpg,Rene_Magritte
data/images\Rene_Magritte\Rene_Magritte_36.jpg,Rene_Magritte
data/images\Rene_Magritte\Rene_Magritte_16.jpg,Rene_Magritte
data/images\Rene_Magritte\Rene_Magritte_146.jpg,Rene_Magritte
data/images\Rene_Magritte\Rene_Magritte_15.jpg,Rene_Magritte
data/images\Rene_Magritte\Rene_Magritte_32.jpg,Rene_Magritte
data/images\Rene_Magritte\Rene_Magritte_129.jpg,Rene_Magritte
data/images\Rene_Magritte\Rene_Magritte_53.jpg,Rene_Magritte
data/images\Rene_Magritte\Rene_Magritte_124.jpg,Rene_Magritte
data/images\Rene_Magritte\Rene_Magritte_166.jpg,Rene_Magritte
data/images\Rene_Magritte\Rene_Magritte_102.jpg,Rene_Magritte
data/images\Rene_Magritte\Rene_Magritte_37.jpg,Rene_Magritte
data/images\Rene_Magritte\Rene_Magritte_120.jpg,Rene_Magritte
data/images\Rene_Magritte\Rene_Magritte_76.jpg,Rene_Magritte
data/images\Rene_Magritte\Rene_Magritte_91.jpg,Rene_Magritte
data/images\Rene_Magritte\Rene_Magritte_165.jpg,Rene_Magritte
data/images\Rene_Magritte\Rene_Magritte_170.jpg,Rene_Magritte
data/images\Rene_Magritte\Rene_Magritte_163.jpg,Rene_Magritte
data/images\Rene_Magritte\Rene_Magritte_113.jpg,Rene_Magritte
data/images\Rene_Magritte\Rene_Magritte_93.jpg,Rene_Magritte
data/images\Rene_Magritte\Rene_Magritte_33.jpg,Rene_Magritte
data/images\Rene_Magritte\Rene_Magritte_117.jpg,Rene_Magritte
data/images\Rene_Magritte\Rene_Magritte_136.jpg,Rene_Magritte
data/images\Rene_Magritte\Rene_Magritte_107.jpg,Rene_Magritte
data/images\Rene_Magritte\Rene_Magritte_57.jpg,Rene_Magritte
data/images\Rene_Magritte\Rene_Magritte_94.jpg,Rene_Magritte
data/images\Rene_Magritte\Rene_Magritte_121.jpg,Rene_Magritte
data/images\Rene_Magritte\Rene_Magritte_143.jpg,Rene_Magritte
data/images\Rene_Magritte\Rene_Magritte_52.jpg,Rene_Magritte
data/images\Rene_Magritte\Rene_Magritte_98.jpg,Rene_Magritte
data/images\Rene_Magritte\Rene_Magritte_13.jpg,Rene_Magritte
data/images\Rene_Magritte\Rene_Magritte_95.jpg,Rene_Magritte
data/images\Rene_Magritte\Rene_Magritte_55.jpg,Rene_Magritte
data/images\Rene_Magritte\Rene_Magritte_77.jpg,Rene_Magritte
data/images\Rene_Magritte\Rene_Magritte_122.jpg,Rene_Magritte
data/images\Rene_Magritte\Rene_Magritte_3.jpg,Rene_Magritte
data/images\Rene_Magritte\Rene_Magritte_45.jpg,Rene_Magritte
data/images\Rene_Magritte\Rene_Magritte_31.jpg,Rene_Magritte
data/images\Rene_Magritte\Rene_Magritte_21.jpg,Rene_Magritte
data/images\Rene_Magritte\Rene_Magritte_101.jpg,Rene_Magritte
data/images\Rene_Magritte\Rene_Magritte_28.jpg,Rene_Magritte
data/images\Rene_Magritte\Rene_Magritte_86.jpg,Rene_Magritte
data/images\Rene_Magritte\Rene_Magritte_5.jpg,Rene_Magritte
data/images\Rene_Magritte\Rene_Magritte_161.jpg,Rene_Magritte
data/images\Rene_Magritte\Rene_Magritte_44.jpg,Rene_Magritte
data/images\Rene_Magritte\Rene_Magritte_176.jpg,Rene_Magritte
data/images\Rene_Magritte\Rene_Magritte_152.jpg,Rene_Magritte
data/images\Rene_Magritte\Rene_Magritte_8.jpg,Rene_Magritte
data/images\Rene_Magritte\Rene_Magritte_194.jpg,Rene_Magritte
data/images\Rene_Magritte\Rene_Magritte_7.jpg,Rene_Magritte
data/images\Rene_Magritte\Rene_Magritte_182.jpg,Rene_Magritte
data/images\Rene_Magritte\Rene_Magritte_62.jpg,Rene_Magritte
data/images\Rene_Magritte\Rene_Magritte_27.jpg,Rene_Magritte
data/images\Rene_Magritte\Rene_Magritte_56.jpg,Rene_Magritte
data/images\Rene_Magritte\Rene_Magritte_81.jpg,Rene_Magritte
data/images\Rene_Magritte\Rene_Magritte_114.jpg,Rene_Magritte
data/images\Rene_Magritte\Rene_Magritte_4.jpg,Rene_Magritte
data/images\Rene_Magritte\Rene_Magritte_59.jpg,Rene_Magritte
data/images\Rene_Magritte\Rene_Magritte_184.jpg,Rene_Magritte
data/images\Rene_Magritte\Rene_Magritte_142.jpg,Rene_Magritte
data/images\Titian\Titian_43.jpg,Titian
data/images\Titian\Titian_154.jpg,Titian
data/images\Titian\Titian_230.jpg,Titian
data/images\Titian\Titian_125.jpg,Titian
data/images\Titian\Titian_9.jpg,Titian
data/images\Titian\Titian_28.jpg,Titian
data/images\Titian\Titian_191.jpg,Titian
data/images\Titian\Titian_65.jpg,Titian
data/images\Titian\Titian_4.jpg,Titian
data/images\Titian\Titian_149.jpg,Titian
data/images\Titian\Titian_131.jpg,Titian
data/images\Titian\Titian_213.jpg,Titian
data/images\Titian\Titian_186.jpg,Titian
data/images\Titian\Titian_99.jpg,Titian
data/images\Titian\Titian_235.jpg,Titian
data/images\Titian\Titian_163.jpg,Titian
data/images\Titian\Titian_158.jpg,Titian
data/images\Titian\Titian_57.jpg,Titian
data/images\Titian\Titian_47.jpg,Titian
data/images\Titian\Titian_45.jpg,Titian
data/images\Titian\Titian_182.jpg,Titian
data/images\Titian\Titian_249.jpg,Titian
data/images\Titian\Titian_5.jpg,Titian
data/images\Titian\Titian_128.jpg,Titian
data/images\Titian\Titian_61.jpg,Titian
data/images\Titian\Titian_234.jpg,Titian
data/images\Titian\Titian_171.jpg,Titian
data/images\Titian\Titian_181.jpg,Titian
data/images\Titian\Titian_204.jpg,Titian
data/images\Titian\Titian_238.jpg,Titian
data/images\Titian\Titian_167.jpg,Titian
data/images\Titian\Titian_176.jpg,Titian
data/images\Titian\Titian_159.jpg,Titian
data/images\Titian\Titian_179.jpg,Titian
data/images\Titian\Titian_19.jpg,Titian
data/images\Titian\Titian_223.jpg,Titian
data/images\Titian\Titian_202.jpg,Titian
data/images\Titian\Titian_24.jpg,Titian
data/images\Titian\Titian_40.jpg,Titian
data/images\Titian\Titian_39.jpg,Titian
data/images\Titian\Titian_136.jpg,Titian
data/images\Titian\Titian_135.jpg,Titian
data/images\Titian\Titian_126.jpg,Titian
data/images\Titian\Titian_38.jpg,Titian
data/images\Titian\Titian_96.jpg,Titian
data/images\Titian\Titian_178.jpg,Titian
data/images\Titian\Titian_63.jpg,Titian
data/images\Titian\Titian_107.jpg,Titian
data/images\Titian\Titian_228.jpg,Titian
data/images\Titian\Titian_70.jpg,Titian
data/images\Titian\Titian_10.jpg,Titian
data/images\Titian\Titian_26.jpg,Titian
data/images\Titian\Titian_240.jpg,Titian
data/images\Titian\Titian_239.jpg,Titian
data/images\Titian\Titian_255.jpg,Titian
data/images\Titian\Titian_54.jpg,Titian
data/images\Titian\Titian_20.jpg,Titian
data/images\Titian\Titian_140.jpg,Titian
data/images\Titian\Titian_122.jpg,Titian
data/images\Titian\Titian_35.jpg,Titian
data/images\Titian\Titian_51.jpg,Titian
data/images\Titian\Titian_194.jpg,Titian
data/images\Titian\Titian_134.jpg,Titian
data/images\Titian\Titian_11.jpg,Titian
data/images\Titian\Titian_111.jpg,Titian
data/images\Titian\Titian_72.jpg,Titian
data/images\Titian\Titian_211.jpg,Titian
data/images\Titian\Titian_22.jpg,Titian
data/images\Titian\Titian_248.jpg,Titian
data/images\Titian\Titian_44.jpg,Titian
data/images\Titian\Titian_121.jpg,Titian
data/images\Titian\Titian_115.jpg,Titian
data/images\Titian\Titian_3.jpg,Titian
data/images\Titian\Titian_106.jpg,Titian
data/images\Titian\Titian_120.jpg,Titian
data/images\Titian\Titian_144.jpg,Titian
data/images\Titian\Titian_75.jpg,Titian
data/images\Titian\Titian_49.jpg,Titian
data/images\Titian\Titian_195.jpg,Titian
data/images\Titian\Titian_246.jpg,Titian
data/images\Titian\Titian_124.jpg,Titian
data/images\Titian\Titian_174.jpg,Titian
data/images\Titian\Titian_165.jpg,Titian
data/images\Titian\Titian_201.jpg,Titian
data/images\Titian\Titian_41.jpg,Titian
data/images\Titian\Titian_236.jpg,Titian
data/images\Titian\Titian_252.jpg,Titian
data/images\Titian\Titian_91.jpg,Titian
data/images\Titian\Titian_133.jpg,Titian
data/images\Titian\Titian_177.jpg,Titian
data/images\Titian\Titian_114.jpg,Titian
data/images\Titian\Titian_190.jpg,Titian
data/images\Titian\Titian_93.jpg,Titian
data/images\Titian\Titian_68.jpg,Titian
data/images\Titian\Titian_23.jpg,Titian
data/images\Titian\Titian_219.jpg,Titian
data/images\Titian\Titian_185.jpg,Titian
data/images\Titian\Titian_17.jpg,Titian
data/images\Titian\Titian_145.jpg,Titian
data/images\Titian\Titian_36.jpg,Titian
data/images\Titian\Titian_161.jpg,Titian
data/images\Titian\Titian_110.jpg,Titian
data/images\Titian\Titian_74.jpg,Titian
data/images\Titian\Titian_7.jpg,Titian
data/images\Titian\Titian_117.jpg,Titian
data/images\Titian\Titian_206.jpg,Titian
data/images\Titian\Titian_170.jpg,Titian
data/images\Titian\Titian_64.jpg,Titian
data/images\Titian\Titian_173.jpg,Titian
data/images\Titian\Titian_198.jpg,Titian
data/images\Titian\Titian_216.jpg,Titian
data/images\Titian\Titian_254.jpg,Titian
data/images\Titian\Titian_102.jpg,Titian
data/images\Titian\Titian_25.jpg,Titian
data/images\Titian\Titian_142.jpg,Titian
data/images\Titian\Titian_222.jpg,Titian
data/images\Titian\Titian_48.jpg,Titian
data/images\Titian\Titian_164.jpg,Titian
data/images\Titian\Titian_212.jpg,Titian
data/images\Titian\Titian_247.jpg,Titian
data/images\Titian\Titian_127.jpg,Titian
data/images\Titian\Titian_153.jpg,Titian
data/images\Titian\Titian_66.jpg,Titian
data/images\Titian\Titian_76.jpg,Titian
data/images\Titian\Titian_100.jpg,Titian
data/images\Titian\Titian_200.jpg,Titian
data/images\Titian\Titian_215.jpg,Titian
data/images\Vincent_van_Gogh\Vincent_van_Gogh_251.jpg,Vincent_van_Gogh
data/images\Vincent_van_Gogh\Vincent_van_Gogh_709.jpg,Vincent_van_Gogh
data/images\Vincent_van_Gogh\Vincent_van_Gogh_591.jpg,Vincent_van_Gogh
data/images\Vincent_van_Gogh\Vincent_van_Gogh_288.jpg,Vincent_van_Gogh
data/images\Vincent_van_Gogh\Vincent_van_Gogh_99.jpg,Vincent_van_Gogh
data/images\Vincent_van_Gogh\Vincent_van_Gogh_518.jpg,Vincent_van_Gogh
data/images\Vincent_van_Gogh\Vincent_van_Gogh_435.jpg,Vincent_van_Gogh
data/images\Vincent_van_Gogh\Vincent_van_Gogh_613.jpg,Vincent_van_Gogh
data/images\Vincent_van_Gogh\Vincent_van_Gogh_698.jpg,Vincent_van_Gogh
data/images\Vincent_van_Gogh\Vincent_van_Gogh_606.jpg,Vincent_van_Gogh
data/images\Vincent_van_Gogh\Vincent_van_Gogh_508.jpg,Vincent_van_Gogh
data/images\Vincent_van_Gogh\Vincent_van_Gogh_589.jpg,Vincent_van_Gogh
data/images\Vincent_van_Gogh\Vincent_van_Gogh_737.jpg,Vincent_van_Gogh
data/images\Vincent_van_Gogh\Vincent_van_Gogh_872.jpg,Vincent_van_Gogh
data/images\Vincent_van_Gogh\Vincent_van_Gogh_467.jpg,Vincent_van_Gogh
data/images\Vincent_van_Gogh\Vincent_van_Gogh_35.jpg,Vincent_van_Gogh
data/images\Vincent_van_Gogh\Vincent_van_Gogh_665.jpg,Vincent_van_Gogh
data/images\Vincent_van_Gogh\Vincent_van_Gogh_125.jpg,Vincent_van_Gogh
data/images\Vincent_van_Gogh\Vincent_van_Gogh_736.jpg,Vincent_van_Gogh
data/images\Vincent_van_Gogh\Vincent_van_Gogh_757.jpg,Vincent_van_Gogh
data/images\Vincent_van_Gogh\Vincent_van_Gogh_77.jpg,Vincent_van_Gogh
data/images\Vincent_van_Gogh\Vincent_van_Gogh_198.jpg,Vincent_van_Gogh
data/images\Vincent_van_Gogh\Vincent_van_Gogh_772.jpg,Vincent_van_Gogh
data/images\Vincent_van_Gogh\Vincent_van_Gogh_122.jpg,Vincent_van_Gogh
data/images\Vincent_van_Gogh\Vincent_van_Gogh_723.jpg,Vincent_van_Gogh
data/images\Vincent_van_Gogh\Vincent_van_Gogh_67.jpg,Vincent_van_Gogh
data/images\Vincent_van_Gogh\Vincent_van_Gogh_413.jpg,Vincent_van_Gogh
data/images\Vincent_van_Gogh\Vincent_van_Gogh_520.jpg,Vincent_van_Gogh
data/images\Vincent_van_Gogh\Vincent_van_Gogh_521.jpg,Vincent_van_Gogh
data/images\Vincent_van_Gogh\Vincent_van_Gogh_581.jpg,Vincent_van_Gogh
data/images\Vincent_van_Gogh\Vincent_van_Gogh_207.jpg,Vincent_van_Gogh
data/images\Vincent_van_Gogh\Vincent_van_Gogh_812.jpg,Vincent_van_Gogh
data/images\Vincent_van_Gogh\Vincent_van_Gogh_469.jpg,Vincent_van_Gogh
data/images\Vincent_van_Gogh\Vincent_van_Gogh_830.jpg,Vincent_van_Gogh
data/images\Vincent_van_Gogh\Vincent_van_Gogh_335.jpg,Vincent_van_Gogh
data/images\Vincent_van_Gogh\Vincent_van_Gogh_566.jpg,Vincent_van_Gogh
data/images\Vincent_van_Gogh\Vincent_van_Gogh_479.jpg,Vincent_van_Gogh
data/images\Vincent_van_Gogh\Vincent_van_Gogh_728.jpg,Vincent_van_Gogh
data/images\Vincent_van_Gogh\Vincent_van_Gogh_3.jpg,Vincent_van_Gogh
data/images\Vincent_van_Gogh\Vincent_van_Gogh_37.jpg,Vincent_van_Gogh
data/images\Vincent_van_Gogh\Vincent_van_Gogh_771.jpg,Vincent_van_Gogh
data/images\Vincent_van_Gogh\Vincent_van_Gogh_398.jpg,Vincent_van_Gogh
data/images\Vincent_van_Gogh\Vincent_van_Gogh_714.jpg,Vincent_van_Gogh
data/images\Vincent_van_Gogh\Vincent_van_Gogh_403.jpg,Vincent_van_Gogh
data/images\Vincent_van_Gogh\Vincent_van_Gogh_743.jpg,Vincent_van_Gogh
data/images\Vincent_van_Gogh\Vincent_van_Gogh_437.jpg,Vincent_van_Gogh
data/images\Vincent_van_Gogh\Vincent_van_Gogh_522.jpg,Vincent_van_Gogh
data/images\Vincent_van_Gogh\Vincent_van_Gogh_804.jpg,Vincent_van_Gogh
data/images\Vincent_van_Gogh\Vincent_van_Gogh_607.jpg,Vincent_van_Gogh
data/images\Vincent_van_Gogh\Vincent_van_Gogh_676.jpg,Vincent_van_Gogh
data/images\Vincent_van_Gogh\Vincent_van_Gogh_162.jpg,Vincent_van_Gogh
data/images\Vincent_van_Gogh\Vincent_van_Gogh_278.jpg,Vincent_van_Gogh
data/images\Vincent_van_Gogh\Vincent_van_Gogh_60.jpg,Vincent_van_Gogh
data/images\Vincent_van_Gogh\Vincent_van_Gogh_779.jpg,Vincent_van_Gogh
data/images\Vincent_van_Gogh\Vincent_van_Gogh_491.jpg,Vincent_van_Gogh
data/images\Vincent_van_Gogh\Vincent_van_Gogh_688.jpg,Vincent_van_Gogh
data/images\Vincent_van_Gogh\Vincent_van_Gogh_578.jpg,Vincent_van_Gogh
data/images\Vincent_van_Gogh\Vincent_van_Gogh_8.jpg,Vincent_van_Gogh
data/images\Vincent_van_Gogh\Vincent_van_Gogh_43.jpg,Vincent_van_Gogh
data/images\Vincent_van_Gogh\Vincent_van_Gogh_664.jpg,Vincent_van_Gogh
data/images\Vincent_van_Gogh\Vincent_van_Gogh_68.jpg,Vincent_van_Gogh
data/images\Vincent_van_Gogh\Vincent_van_Gogh_33.jpg,Vincent_van_Gogh
data/images\Vincent_van_Gogh\Vincent_van_Gogh_460.jpg,Vincent_van_Gogh
data/images\Vincent_van_Gogh\Vincent_van_Gogh_9.jpg,Vincent_van_Gogh
data/images\Vincent_van_Gogh\Vincent_van_Gogh_654.jpg,Vincent_van_Gogh
data/images\Vincent_van_Gogh\Vincent_van_Gogh_156.jpg,Vincent_van_Gogh
data/images\Vincent_van_Gogh\Vincent_van_Gogh_381.jpg,Vincent_van_Gogh
data/images\Vincent_van_Gogh\Vincent_van_Gogh_279.jpg,Vincent_van_Gogh
data/images\Vincent_van_Gogh\Vincent_van_Gogh_260.jpg,Vincent_van_Gogh
data/images\Vincent_van_Gogh\Vincent_van_Gogh_280.jpg,Vincent_van_Gogh
data/images\Vincent_van_Gogh\Vincent_van_Gogh_870.jpg,Vincent_van_Gogh
data/images\Vincent_van_Gogh\Vincent_van_Gogh_318.jpg,Vincent_van_Gogh
data/images\Vincent_van_Gogh\Vincent_van_Gogh_48.jpg,Vincent_van_Gogh
data/images\Vincent_van_Gogh\Vincent_van_Gogh_630.jpg,Vincent_van_Gogh
data/images\Vincent_van_Gogh\Vincent_van_Gogh_38.jpg,Vincent_van_Gogh
data/images\Vincent_van_Gogh\Vincent_van_Gogh_647.jpg,Vincent_van_Gogh
data/images\Vincent_van_Gogh\Vincent_van_Gogh_638.jpg,Vincent_van_Gogh
data/images\Vincent_van_Gogh\Vincent_van_Gogh_430.jpg,Vincent_van_Gogh
data/images\Vincent_van_Gogh\Vincent_van_Gogh_17.jpg,Vincent_van_Gogh
data/images\Vincent_van_Gogh\Vincent_van_Gogh_527.jpg,Vincent_van_Gogh
data/images\Vincent_van_Gogh\Vincent_van_Gogh_635.jpg,Vincent_van_Gogh
data/images\Vincent_van_Gogh\Vincent_van_Gogh_675.jpg,Vincent_van_Gogh
data/images\Vincent_van_Gogh\Vincent_van_Gogh_502.jpg,Vincent_van_Gogh
data/images\Vincent_van_Gogh\Vincent_van_Gogh_697.jpg,Vincent_van_Gogh
data/images\Vincent_van_Gogh\Vincent_van_Gogh_97.jpg,Vincent_van_Gogh
data/images\Vincent_van_Gogh\Vincent_van_Gogh_274.jpg,Vincent_van_Gogh
data/images\Vincent_van_Gogh\Vincent_van_Gogh_379.jpg,Vincent_van_Gogh
data/images\Vincent_van_Gogh\Vincent_van_Gogh_842.jpg,Vincent_van_Gogh
data/images\Vincent_van_Gogh\Vincent_van_Gogh_583.jpg,Vincent_van_Gogh
data/images\Vincent_van_Gogh\Vincent_van_Gogh_773.jpg,Vincent_van_Gogh
data/images\Vincent_van_Gogh\Vincent_van_Gogh_73.jpg,Vincent_van_Gogh
data/images\Vincent_van_Gogh\Vincent_van_Gogh_543.jpg,Vincent_van_Gogh
data/images\Vincent_van_Gogh\Vincent_van_Gogh_712.jpg,Vincent_van_Gogh
data/images\Vincent_van_Gogh\Vincent_van_Gogh_219.jpg,Vincent_van_Gogh
data/images\Vincent_van_Gogh\Vincent_van_Gogh_366.jpg,Vincent_van_Gogh
data/images\Vincent_van_Gogh\Vincent_van_Gogh_64.jpg,Vincent_van_Gogh
data/images\Vincent_van_Gogh\Vincent_van_Gogh_358.jpg,Vincent_van_Gogh
data/images\Vincent_van_Gogh\Vincent_van_Gogh_532.jpg,Vincent_van_Gogh
data/images\Vincent_van_Gogh\Vincent_van_Gogh_287.jpg,Vincent_van_Gogh
data/images\Vincent_van_Gogh\Vincent_van_Gogh_820.jpg,Vincent_van_Gogh
data/images\Vincent_van_Gogh\Vincent_van_Gogh_867.jpg,Vincent_van_Gogh
data/images\Vincent_van_Gogh\Vincent_van_Gogh_839.jpg,Vincent_van_Gogh
data/images\Vincent_van_Gogh\Vincent_van_Gogh_187.jpg,Vincent_van_Gogh
data/images\Vincent_van_Gogh\Vincent_van_Gogh_702.jpg,Vincent_van_Gogh
data/images\Vincent_van_Gogh\Vincent_van_Gogh_680.jpg,Vincent_van_Gogh
data/images\Vincent_van_Gogh\Vincent_van_Gogh_283.jpg,Vincent_van_Gogh
data/images\Vincent_van_Gogh\Vincent_van_Gogh_236.jpg,Vincent_van_Gogh
data/images\Vincent_van_Gogh\Vincent_van_Gogh_721.jpg,Vincent_van_Gogh
data/images\Vincent_van_Gogh\Vincent_van_Gogh_56.jpg,Vincent_van_Gogh
data/images\Vincent_van_Gogh\Vincent_van_Gogh_132.jpg,Vincent_van_Gogh
data/images\Vincent_van_Gogh\Vincent_van_Gogh_74.jpg,Vincent_van_Gogh
data/images\Vincent_van_Gogh\Vincent_van_Gogh_244.jpg,Vincent_van_Gogh
data/images\Vincent_van_Gogh\Vincent_van_Gogh_131.jpg,Vincent_van_Gogh
data/images\Vincent_van_Gogh\Vincent_van_Gogh_230.jpg,Vincent_van_Gogh
data/images\Vincent_van_Gogh\Vincent_van_Gogh_849.jpg,Vincent_van_Gogh
data/images\Vincent_van_Gogh\Vincent_van_Gogh_59.jpg,Vincent_van_Gogh
data/images\Vincent_van_Gogh\Vincent_van_Gogh_410.jpg,Vincent_van_Gogh
data/images\Vincent_van_Gogh\Vincent_van_Gogh_316.jpg,Vincent_van_Gogh
data/images\Vincent_van_Gogh\Vincent_van_Gogh_810.jpg,Vincent_van_Gogh
data/images\Vincent_van_Gogh\Vincent_van_Gogh_571.jpg,Vincent_van_Gogh
data/images\Vincent_van_Gogh\Vincent_van_Gogh_350.jpg,Vincent_van_Gogh
data/images\Vincent_van_Gogh\Vincent_van_Gogh_593.jpg,Vincent_van_Gogh
data/images\Vincent_van_Gogh\Vincent_van_Gogh_126.jpg,Vincent_van_Gogh
data/images\Vincent_van_Gogh\Vincent_van_Gogh_341.jpg,Vincent_van_Gogh
data/images\Vincent_van_Gogh\Vincent_van_Gogh_338.jpg,Vincent_van_Gogh
data/images\Vincent_van_Gogh\Vincent_van_Gogh_716.jpg,Vincent_van_Gogh
data/images\Vincent_van_Gogh\Vincent_van_Gogh_19.jpg,Vincent_van_Gogh
